index	doc	subdoc	word	lemma	form	sense_1	sense_2	sense_3	sense_4	translation	vectors
0	0085-001	episode	1890	ἀρχή	ἀρχῆς	A	I	1	b	the beginning,	0.362986328202014, -0.215208891969858, -0.215208891969858, 0.0465734888938194, -0.32644556571438, -0.0111654365612089, 0.0374625282223333, -0.158349303862649, -0.151325573645479, -0.49065602315172, 0.0073029093745921, 0.151779522459039, -0.107257683719315, 0.249249330799651, -0.1218046167723539, -0.248901820792477, -0.0280767023046911, 0.0552885618408319, 0.172603684847346, 0.179384201278528, 0.275700157360944, 0.0711068258491792, 0.0568045940001785, -0.0361357420141901, 0.275680919757852, 0.189578726881748, 0.22714812704367, -0.246056572146843, -0.037918029855772, 0.197218603770299, 0.190714892714428, 0.0814534863004877, -0.0507259634571524, -0.0210917188667489, 0.278585040029003, 0.153430131448389, -0.14755018773269, -0.0588850229830807, -0.0959367660967341, -0.0920661662548264, 0.313252723969184, 0.172413088732494, 0.0083591652294428, 0.357619182415486, -0.037425295534047, 0.123307296061754, 0.441466942354912, -0.0065082754664268, -0.0245092506153378, -0.169518592083934, 0.0510244174031892, -0.1605479411205279, -0.0472227873654264, -0.117307598041083, 0.114177149121889, -0.0379584720642948, 0.435824112454762, 0.148003303637882, 0.232438259348907, -0.0348734249590653, -0.116898220142734, -0.156042438699422, 0.266925022461084, -0.187144216851522, -0.203308720853805, -0.0541510509008412, -0.0508920428042977, -0.138542101641831, -0.0042375975646889, -0.0854472735599901, 0.0443378419557331, -0.122997841178939, -0.0156474463261877, -0.0430733005440531, -0.122940059396513, 0.0625460158409609, -0.0182870629366193, -0.251469571906039, 0.153839062879021, 0.0515523291459545, -0.0222036715029236, -0.137786065258657, -0.22866871272567, 0.139527120827031, 5.716685552510579e-05, 0.102997316608329, 0.220918018948683, -0.0276003721643988, -0.125545175379366, -0.158022842425802, 0.128252644262973, -0.109136848104589, -0.0652303008620289, -0.182033564960526, -0.0781408508450759, -0.206049068505248, -0.0431964841274056, 0.472240315931529, 0.108893238262385, -0.0663590323563103
1	0085-001	episode	2754	ἀρχή	ἀρχῆς	A	II	4	a	magistrate,	0.109604161126356, -0.0726445712240325, -0.0726445712240325, -0.162103220584471, -0.109609196958768, -0.0985357144800595, 0.0452575157786725, -0.124915342141902, 0.112332438936483, 0.0341784428696758, -0.0701347990054799, -0.053558665706531, 0.0444275417899874, 0.0062570655783895, -0.0240024928654148, -0.0462538982670954, -0.0353900682177484, 0.0636616744891734, -0.0019500843698421, 0.0731581808301204, -0.0259961319502619, 0.0627148896925223, -0.014514548297588, -0.0134755660118756, 0.0621818908892349, 0.0392186893623786, -0.0649802082896469, -0.05969562398531, 0.0562456060790878, 0.0283691641319361, 0.0092477823418098, -0.0601451653231554, -0.0847595805656496, -0.0601518995801815, -0.03294195337376, -0.0419077466230354, -0.0640221215710471, -0.052367297876519, -0.0512165844292782, 0.0694872511319373, 0.0409065639246833, -0.0661036907802136, 0.0656569783925252, 0.0126092923083164, 0.163991637521517, 0.0172297937805538, -0.0664399518226887, 0.0457630878569938, -0.0380877050335055, -0.0523035113479524, -0.0049842920030431, -0.051537917174735, -0.0019147297336798, -0.009750218214041, 0.0193612945600403, 0.0267708089022739, -0.0784610997772321, 0.104130725593142, -0.0377804177554968, 0.0367785229917844, 0.0128362002044881, -0.0618023925296197, 0.0476001369414267, 0.0659890053569863, -0.0394547064449128, 0.0338753918431995, -0.0320656056704756, 0.0966089015535911, -0.0088307052368146, -0.0480129892881193, -0.0917225622897723, -0.088427754177848, 0.0482943232937433, -0.036318612964602, -0.172882914610044, -0.0116953172260571, 0.0314659335703638, 0.0035851311741927, -0.0368559064165852, -0.0325333863296191, -0.024387540294236, -0.126645635519084, 0.0136431225103451, 0.161642831671578, -0.114274356231359, 0.0016974285674913, -0.0778840726716442, -0.0863171704671116, -0.0208576661633021, 0.0059176112859412, -0.0121355624573749, -0.0569935988148672, -0.104170284410982, -0.0483744639572745, -0.0114232013783511, 0.0107469998949731, 0.0575807138269585, -0.069736081369552, 0.0324309643750701, -0.135688964961809
2	0085-005	antistrophe	25932	ἀρχή	ἀρχάς	A	II	4	a	magistrate,	0.0160167520793375, -0.046066255803835, -0.046066255803835, -0.0062561181499029, -0.0349269496376395, -0.0015860707083488, 0.0420218608875064, -0.0851685850457011, 0.0762713183941885, -0.0338375889131953, 0.0421245238378797, -0.0242581754673422, 0.0194264595771307, -0.0345167794426911, -0.0197782123844232, -0.0110015693595646, -0.0021429882104735, 0.0211079598272039, 0.0352313652754207, -0.0211854027218249, 0.0917150220993237, 0.0019116449568073, 0.0298428357333507, -0.0011829884851809, -0.0115856554230116, -0.0348474775131816, -0.0089242815137665, 0.0284016540120784, -0.004349011570574, 0.0209731972676494, 0.094468174514339, 0.0516116065501139, 0.0161236621153578, 0.0287728929342223, -0.000329849125564842, 0.0598202505430218, -0.0050313860367465, -0.0255048818835113, 0.0273404943260055, -0.0417752340315885, 0.0157412143102698, 0.0343169881641609, -0.0171210844513087, -0.0934301173822058, -0.0678028959231438, 0.0428815251471866, 0.0056755193236257, -0.0323608242157321, -0.0046922072019299, -0.047628426624089, 0.0930450171905792, 0.0046671334497839, 0.0595977314720608, -0.0486678464896286, -0.0359745995949474, 0.0187366756617684, -0.043550406008125, 0.0220113988613235, -0.0696503725710436, 0.0356663104195771, -0.0268652435367993, 0.0014275003414898, 0.0856488352036421, 0.0164326474485687, -0.0760664463770251, 0.0365613150168833, 0.009147306068176, -0.0721546409585957, -0.0294766263194072, 0.0387366496010226, 0.014974171071768, 0.0070930658888822, 0.0275055668169359, 0.0584711135940717, -0.0362781743594819, 0.0198088948162707, -0.0151480516925778, -0.0748573461960372, 0.0540244847887375, -0.0492032831200885, 0.0126034052330195, 0.0198467198210907, -0.0430147161489512, 0.0432454839911785, 0.0370414733615371, 0.0170642777751086, 0.0743983027984283, 0.0252006892386352, 0.0403930725906707, 0.0106628702222277, -0.0201898356771536, 0.014544976655656, -0.0375863866220466, -0.019744318519717, 0.0659549408873751, -0.0448542761981616, 0.0168267826784767, 0.0613528922700021, -0.0488542570159669, 0.001976505374081
3	0085-006	anapests	40098	ἀρχή	ἀρχάς	A	II	1	a	first place	0.54322467648954, -1.00604265608964, -1.00604265608964, 0.630264243276215, 0.0845016875197486, -0.260228479265077, -0.728763463469185, 0.103662724998707, -0.271863634763877, -0.325599983706706, 0.302474602770006, -0.350958582959436, 0.0786015972667332, 0.0783608826672951, 0.173185215501368, 0.171660349905408, -0.0950966984363324, -0.322083257689724, 0.283574508765417, 0.185990832214776, 0.0197899804683854, 0.2420929899960129, -0.212576109856127, 0.0673961852557969, -0.216407905746015, 0.190107305381224, 0.518327797956016, -0.234647554852775, -0.001125998263792, -0.230474277251629, -0.319009044995116, -0.206290617243701, -0.167747994571899, 0.245006848025974, -0.167699552991457, -0.470964949120455, 0.019823061010807, -0.03197273165073, -0.432050059969417, 0.0072679702728831, 0.0246513165931522, 0.357784654522162, -0.0105370581767397, 0.194243892094004, 0.0731308934302417, -0.0481410214473069, 0.130923574493875, 0.116250950376896, -0.0297764152255148, -0.10717520710645, -0.189710025724341, 0.34757027279917, -0.32932282118944, -0.340532245043029, 0.0328674399107545, -0.159267152751764, 0.155040379454609, 0.171024334881206, 0.0145521250563581, -0.202218493107964, -0.294084059448199, -0.314373637644238, -0.0108959188098577, -0.175300377152318, -0.0602426358205674, -0.226320102040624, 0.23640489438647, 0.0910228205569421, -0.603953336382776, -0.0753294601540926, 0.363468251343992, -0.0588426731788575, 0.227245055113255, 0.13328772093139, 0.0662343611816532, 0.202143048891661, 0.0604625797581419, 0.0216615456225538, 0.150067296722941, -0.105627667417791, -0.0996129710070597, -0.225490159377591, 0.144734442637309, -0.206754526542311, -0.111706859263588, 0.281810364418438, -0.093800164652404, 0.0467339327922654, -0.0340811841265374, 0.0456199793520822, -0.152604081873554, -0.0322660607492988, -0.0076960302921762, -0.0513032038386967, -0.0585923815756662, -0.214944746339612, -0.0684989521343171, -0.120580298848335, -0.0503368644671579, 0.200947614446051
4	0006-005	750	242939	ἀρχή	ἀρχὰς	A	I	3	a	end, corner,	0.641025041703628, -0.1525840207130989, -0.1525840207130989, -0.0701031953723293, 0.3035551301240041, 0.557947969009464, -0.25019280519817, -0.108741628758762, 0.3000666784287138, -0.0980497005636073, 0.2828439631327342, 0.5275708468717258, 0.1830917186925386, -0.3391819945452837, 0.2983600576526246, -0.036576295400373, -0.0911409981813617, -0.0617038108900588, -0.2389734528335805, -0.1525984931697518, 0.3053443489119155, 0.0158653750709, 0.6025734041974354, -0.3957312818640206, -0.135358936107855, -0.2754174509484979, -0.0500074626113067, -0.0288402201440161, -0.2877012071870373, 0.0848742108601034, -0.1951655988658497, -0.2010044285416252, -0.0483833223179886, -0.0798857316714723, -0.0488024322566888, 0.1684614817890109, 0.07280335683581, 0.1120196474114696, -0.2024269632077478, 0.3181503402999887, 0.0452932677692026, -0.1405276980575041, 0.0980753479288438, 0.0472879496698314, 0.031668623961309, -0.2631331799208488, -0.03981830604385, 0.0624085943293044, -0.0858153888247728, -0.0560711438322206, -0.3693598922738696, -0.0980381127653773, -0.1679581861419502, 0.2500187632732485, 0.0658374854075598, 0.034719537199647, -0.0003683926894599326, 0.1332389958229723, -0.1195816330626505, 0.0043712370307918, -0.2092636573705437, -0.0310465046895401, 0.1935375100820954, 0.1166130105623243, -0.0494063348861869, 0.0569330986875181, -0.1046447817646166, 0.1108493392929118, -0.0335325466837713, 0.0802342047521973, 0.0147887123036858, -0.0934898541331784, 0.1722052803049027, 0.0145428752578484, -0.0302748879052679, 0.0453782768191259, 0.0108548174327723, -0.1451322736079389, 0.1178877266617166, -0.1551066342878657, -0.0506089044425025, -0.02976255340734, -0.0244180224877466, 0.2093879678832732, -0.1184133703921843, -0.0589729618296188, -0.081972949570741, -0.0338718423697018, -0.023565711725564, 0.0947870935886225, -0.0799438208119837, -0.1206447558317658, -0.0081499465315827, -0.2409540100301213, -0.0508825848321163, -0.0020383625953538, -0.2360585258166133, 0.0762952597553322, -0.0417471911275761, -0.171297232299056
5	0033-001	2	485730	ἀρχή	ἀρχᾷ	A	II	1	a	first place	0.534035135086365, -0.982963808395294, -0.982963808395294, 0.760921314777518, -0.323840301821, -0.391405165050339, -0.601638340273322, 0.407507732518289, -0.203397070966321, -0.382413375075203, 0.424891947977538, -0.377157189861736, 0.207550073049916, -0.498139540242571, 0.177601878265449, 0.607900244519168, 0.101133320632818, -0.0200531563387798, 0.116829425146407, -0.101036339380509, -0.1673481593008, -0.0187008780973855, -0.490340218541467, -0.289147722929594, -0.0149109025527148, -0.0321692240029904, 0.341882578193455, -0.238832963597048, 0.199932461488678, -0.704869233372249, -0.243865292661678, -0.265632373972477, -0.577031102148256, 0.0508543333945796, -0.337419328956534, -0.244954510241415, -0.310974176871252, 0.0554621392781361, 0.0504604324669737, 0.484631935433621, 0.0403561314281734, -0.386413775340054, 0.411192902667836, -0.122645979347963, 0.422158546291166, 0.208393682937582, 0.177747940552104, -0.150636650841483, -0.0142121666089012, 0.148788661579788, 0.254632441075481, -0.0350903561826711, 0.081878524560732, -0.2701200556947, 0.0928855799771474, 0.11071549384222, -0.272409194673787, -0.20655152504117, 0.272376275351865, 0.357019763984681, -0.173796652240725, -0.0559444315536585, -0.0340607659166546, -0.0622131157656902, -0.0750013091085407, -0.135483822185892, -0.180908688448879, 0.0541451441389343, 0.237665117067877, 0.279355755764318, -0.370716110961608, 0.0571721447562783, 0.083178728898158, 0.141345416192626, 0.029379079897967, -0.15462416268131, -0.0294227709625852, 0.160364423879037, -0.0608241567483018, -0.174104218082132, 0.174068091611559, 0.113304357732283, 0.0965481459238884, -0.231881099475578, -0.418192315941579, 0.163301872255268, -0.0168767599732297, 0.166495143353413, -0.0165181691853925, -0.096826579919452, 0.109124232965186, 0.0427403244925751, -0.0042589185202392, -0.0654199201689823, 0.0659196407454607, 0.0040008772766798, 0.106951410218397, 0.117560885963346, -0.0272660500402378, 0.162831715617505
6	0033-002	8	497417	ἀρχή	ἀρχᾶς	A	I	1	b	the beginning,	0.276882785629678, -0.715490071677788, -0.715490071677788, 0.296301093682741, -0.0130202553117547, -0.260535596321938, 0.0512963338761674, -0.688695086557165, 0.489367033018674, -0.125748141199881, 0.2039761906827659, -0.516425716574738, -0.0537510843438796, -0.10173678414573, 0.131909221846341, 0.350160819012021, 0.156626423011597, -0.222548731219787, 0.176518262132921, -0.0720367964353597, -0.0626560985523438, 0.211661989909798, -0.107356347340682, -0.169152703651779, -0.124303391443604, -0.0107750726777443, -0.100901332430424, 0.348323879588967, 0.045246069465743, 0.262277878833232, 0.181426021958945, -0.137395230212004, 0.0938132156004206, 0.264275871157372, -0.038605113119895, -0.224772024512192, -0.0011877439546827, 0.0848778736595925, -0.0883821901845574, 0.0408943432114107, -0.168069957215394, 0.124431915579524, -0.0537815462543236, -0.3278940915684509, -0.0774403238570572, 0.223125078283418, -0.135232568138328, -0.0928467333635274, -0.104992633840493, 0.008641215379987, 0.1080691685301189, 0.202174635893265, -0.472992435946438, 0.132358317606621, -0.2400539414689169, 0.0690706606493833, 0.355843931731206, -0.043236037331646, 0.186250564916429, -0.234350991437772, -0.219622138431173, 0.104546639666081, -0.0133460919926548, -0.070362092195897, 0.222281881315949, 0.158664706220408, -0.022541022282647, 0.214238735360356, -0.100035503380173, 0.181592256925851, 0.0512366965740877, -0.255470143552689, 0.138029514181357, -0.296128874620415, 0.200328589087153, 0.0993974203915639, 0.0842929522110202, 0.0250056293584942, -0.125285752233639, 0.172092062207507, 0.084932187294805, 0.291461387372458, -0.0330662254468972, -0.237558475312727, 0.0335822371026533, -0.0854127741618994, 0.0861351786258681, -0.119237942853323, -0.189364173086476, -0.111828154668275, 0.0609023319151199, 0.2261231734822, -0.0126425305493416, -0.0539861807161312, -0.0676847835059488, 0.0172447130528086, -0.4332382952196769, 0.0239033985792391, 0.142245945987252, 0.0176364249372606
7	0033-003	1	500004	ἀρχή	ἀρχαὶ	A	I	1	a	beginning, origin,	1.54153482247501, 0.359038834298619, 0.359038834298619, 0.0445632929499026, 1.51023811232096, 1.0535542856903, 0.292295795526045, -0.358169102641104, -0.319617820667064, -0.196066851535261, 0.734146119823243, 0.4748329896098751, 0.170963299363587, -1.11767212803456, -0.122854451157283, 0.70714952549742, 0.0110295745770655, 0.697266078222335, -0.2390678431314519, 0.495828489703228, 0.229378191756205, -0.672903528924107, -0.392503933044985, -0.9184160622513268, 0.178950324496503, -0.785614936448533, -0.29393597436664, 0.179366464058584, -0.637763342308752, -0.0775163166780557, -0.351072112619204, -0.2363998978149439, -0.0602068714929007, -0.648388888052866, -0.077926151451079, -0.0772117131242456, -0.115603699052208, -0.123572969314221, -0.546702702494961, 0.0034695297254788, 0.0421040440272306, 0.311633003023489, -0.456451826688939, 0.116640304099816, 0.0855784948778106, -0.4341317764788469, -0.0391791805333756, 0.4059716330444221, -0.0638991282678985, -0.618871914653167, 0.462693048941244, 0.263761485772197, -0.212036398178924, -0.027080813592088, -0.156825121064219, 0.0855677977458843, 0.431181517425327, -0.0474333900039403, 0.0235050830594983, -0.4330149512287969, -0.0498188786954225, 0.0871079531475779, -0.0468880670261548, -0.405856387055935, -0.434147737020118, -0.625234832713442, -0.0621205482284843, 0.102858660863854, -0.266093074006327, -0.000592042978587335, -0.20008183833106, -0.313669496762131, -0.2245444692759889, 0.243571567458959, -0.0420078358390389, -0.385190059241687, -0.0708701865863707, -0.355428455211967, -0.161341525246312, 0.731510385499713, 0.314115639302672, -0.288289698178326, -1.00170939101049, 0.241863255213295, 0.305096294803781, -0.578645547701398, -0.174731983315587, 0.075375361386478, -0.28003613481884, 0.119559649755431, -0.140104918520499, -0.477822795377555, 0.1092669582602339, 0.125231135154773, -0.232240803554614, 0.262754246482093, 0.132267167105948, -0.0543318847618792, -0.062282039470746, 0.236779841318693
8	0011-002	92	538028	ἀρχή	ἀρχὴν	A	I	1	c	to begin with, at first,	0.848804357161631, -0.104787129312771, -0.104787129312771, 0.343677721671676, -0.479903528261504, -0.64307343397193, 0.0638681422465341, -0.174450645834236, 0.29219668897032, -0.35226342674628, 0.306485709603884, 0.260272019757781, 0.445572394531345, -0.1970892400403, -0.0373333177333299, 0.272680861319572, -0.0955961903243557, -0.0096693782172372, -0.1879750436093059, 0.0107416529212329, 0.22505119050612, -0.1071401185944909, 0.184094989206302, -0.331860015341137, -0.0208535294429986, -0.0784566427231376, 0.229331077305401, 0.200565907203136, -0.00081128981342545, 0.456971187900773, 0.3474871176743, -0.0078586323896406, -0.0802661701188868, 0.211357569976574, 0.232588524982944, -0.253236052263571, -0.177496095261024, 0.0246220622932927, 0.0641856126481671, -0.266156607921951, -0.142214242279982, -0.0804615468502909, -0.269113632544628, -0.0256754962646429, 0.10939151942956, 0.189341025065601, -0.134580729878765, 0.133765646491704, -0.211831970526365, 0.299801295337326, 0.1175177923765419, -0.497891331650205, -0.202642898251846, 0.0791950150989862, -0.2079072856664539, 0.24141802250493, 0.0277817623537245, -0.170612922074549, 0.0514669602176816, -0.258243130283035, -0.0802644987897868, -0.46871236297304, 0.0764242269711038, -0.0940571748984072, -0.0315833551902614, 0.176784602881214, 0.0287419942934699, -0.143999568648375, 0.160400983451346, 0.154495954795629, 0.433759809066999, 0.517669189259524, 0.0308238119475509, -0.0668672722008373, 0.362853657246447, 0.270863846165669, -0.0348822169767878, 0.139248608963737, -0.280235358334186, 0.285523355018282, 0.1642571564733719, -0.155448877686738, -0.1850520062202759, 0.266709514426899, -0.0219177799337556, -0.107462391153033, -0.235122453422367, -0.314665033724622, 0.271815029635797, -0.304670151604857, -0.0492466523294595, 0.0584929409788232, 0.135754039449026, -0.120084588545166, 0.102495601113511, -0.204545643526394, 0.248518035714795, -0.110860683804835, 0.162808083976012, 0.0489383121659538
9	0011-002	744	542443	ἀρχή	ἀρχὰς	A	II	1	a	first place	0.9255156849840116, -0.2413804921492152, -0.2413804921492152, 0.4983826677984357, -0.245562547413598, -0.4419767829288476, -0.2312031029410464, 0.0609801517261452, -0.0548611512351815, -0.1101071773213027, 0.2657861257801772, 0.0424447351809337, -0.2792572807404263, 0.0221492386027158, 0.1112466637969765, 0.059708147999315, -0.1007874669726088, 0.1025223916958686, 0.2820122087496794, 0.0987893450437086, 0.0030488056456178, 0.1585896997725885, -0.2730718568021846, 0.1653038321905597, -0.2609496419615103, -0.2646120369651983, 0.1053185061625622, 0.0429287742212648, 0.0002983289006661566, -0.0771495727230761, -0.3884323447478339, -0.0204206469712255, -0.3011408306640374, -0.054250911591918, -0.1570967770288604, -0.0326249125022656, -0.0678918895146494, 0.0909349859280938, -0.094806416450267, 0.2189632559071312, 0.1044304514299937, 0.1790587192663342, 0.0652593267648347, 0.0910885582254142, -0.176164617467226, -0.225174432877846, -0.2983202004773398, 0.0271946592806052, -0.0589798164194105, 0.0675175648695476, -0.2216904226755375, -0.0750560798449264, -0.0284264577989261, 0.00023094477039065496, -0.0372550468879732, -0.0041774888172552, 0.0381151276183556, 0.1026820184872811, 0.1367684830791748, -0.3572241995239597, -0.0305938531505113, -0.0453988081310788, 0.0284780643410449, 0.1213045892444584, -0.0761825172471036, -0.0172269830287572, -0.0112753262524287, -0.0393702295290064, -0.3513990824618596, 0.0452818656964711, 0.2181638351704764, 0.0525222902083657, 0.1256366892275985, -0.3159732386424773, 0.0800355851099552, 0.2002035652007448, 0.0261034299936547, -0.0393782531603981, 0.2015184248154817, 0.0687945181801747, -0.3004578168548294, -0.2373580461034914, -0.211032440781776, -0.0231986912829649, -0.069397571969369, 0.1610267034408623, 0.1731833269040154, -0.0131297583733408, 0.0096901919991954, 0.1828060543743381, 0.0867450529653433, 0.0675339054227791, 0.0230476153176846, -0.1096112445168497, 0.0700312697079931, -0.1353963820255956, -0.0795651517546305, -0.1500002050319664, 0.3254681105767609, 0.0892732085305023
10	0011-004	380	558469	ἀρχή	ἀρχῆς	A	I	1	b	the beginning,	0.21613269725314, -0.489785755764999, -0.489785755764999, 0.328842452444306, -0.066023628391413, 0.522402326351208, 0.008341404374889, -0.0418474457378512, 0.488474952395363, -0.292890066078125, 0.156652784253303, -0.179043361671867, -0.126817229992924, -0.0696151183033746, -0.266162170957494, -0.36869167298307, -0.0518424907992312, -0.0885067381584174, -0.0199068988177939, -0.026837654820248, 0.22804846034999, 0.248833511284328, 0.0826599674111029, 0.394456761132142, -0.392485864320524, -0.0365536780914224, 0.198523551870416, -0.160347499274762, -0.544424585099012, -0.444487919418926, 0.230366963414607, -0.0073524317257243, 0.272785925297658, -0.195340791142147, 0.121571682979321, -0.003701947184113, 0.247675963106051, 0.0380509377933155, -0.133838850900766, -0.132702872124456, 0.0500908418413986, -0.0357286586591583, -0.0663951802687364, 0.0030143653468186, -0.0725267041576926, -0.0221222363291461, 0.257970563130044, -0.325983614255652, -0.0185464135740623, 0.0334532474840988, -0.0299820356965854, -0.109397325789324, 0.0965641805532641, 0.236246053795002, 0.23605318731078, -0.0820808555303249, 0.0023688023972867, -0.289197298841854, 0.0739432765163788, 0.0737270370815594, 0.0035815206216325, -0.0148852971649119, 0.264520329542556, -0.0185028014216599, -0.0899921683201064, 0.129547047135405, -0.0888547880544268, -0.0278481653136885, -0.141122759545318, -0.101486136437574, 0.0387200468584296, 0.167399196173594, 0.123299474977056, 0.0852882761571463, -0.116023977126045, 0.150024245810295, -0.118019310053736, -0.068609270758617, 0.0753077480332407, -0.161736040306056, 0.0198665601441418, 0.0588390617266864, -0.0497481126956928, -0.041293600226387, -0.0426610285233754, 0.0477153509356071, -0.102263576403807, 0.201907695611514, 0.0328285975136996, -0.0300501644352398, 0.0528356871268375, -0.231223840058363, 0.0140179792256473, -0.0959880671631274, -0.0545657043184946, -0.15870213629211, 0.170719364102157, 0.0606725282976228, -0.0379252222560831, 0.0058393570486607
11	0011-004	736	561008	ἀρχή	ἀρχὴν	A	II	1	a	first place	1.34830599227079, 0.3473183774177628, 0.3473183774177628, 0.5149355923156773, 0.6380357361893251, -0.3517902038298894, -0.4324404953248826, 0.0371510331987232, 0.0844286278257115, -0.5207064651484683, 0.2246292613411438, 0.4071697854181547, 0.3027334786588271, -0.1623254041402942, 0.204852587526479, -0.4218365831928244, 0.0840632169006074, 0.1944207792828028, 0.0513316812706355, 0.4334517402778867, 0.2289832947313717, -0.2535388016484998, -0.0411191810780461, 0.0909227133331126, -0.0184424262530666, 0.4133516265479427, -0.1083927316765356, -0.108074230101195, -0.1067525990163848, -0.0407528164583832, -0.0650842784676586, 0.0043788038553479, -0.011034776302724, 0.0015055834900847, 0.0400842734319323, 0.0504416501467564, 0.1193255949548642, -0.0914515269503947, 0.0106240015696386, -0.0401156134454607, -0.1047306577161601, 0.1048485305402357, -0.1889683987772875, 0.0200722113805071, 0.0079003692965452, 0.1046501623350967, -0.0728406126995134, -0.0033513136375594, -0.0388797583965996, -0.1726005320912103, 0.1298746630850384, 0.1642341268353191, -0.006372854982173, -0.0512173392575545, 0.126802859833777, -0.0417845803615428, -0.1343377301391388, -0.0521423363003003, -0.0060639402718376, 0.1477941529303122, -0.0356301738112162, 0.0482823919386434, -0.0907642464798582, -0.004821402611057, -0.0309715988306017, -0.0348311346398246, 0.0690222901978048, 0.1787104174958384, 0.1656660073022487, 0.0935394100732685, -0.0749532405814382, -0.0911740281260935, 0.2217242984073237, 0.2041752505942258, 0.0045845349457217, 0.3041172633207528, -0.2085285153881353, 0.0107045150927645, 0.0064746696426478, -0.130721732557127, 0.0234677571163241, -0.0626981384388225, 0.1551124038932483, -0.3655184505716699, -0.0856624844511598, 0.0754183260154328, -0.0721925579883058, -0.0713686079996741, -0.0629453318533359, -0.0380980803035797, -0.0670696915267142, 0.0227493412966152, 0.0695152252742387, -0.0515937644616957, 0.0482509510542259, 0.0369827131028852, -0.0530525110854479, -0.0258402921393724, 0.0894456188586618, 0.024918915471565
12	0011-005	439	569832	ἀρχή	ἀρχὴν	A	I	1	c	to begin with, at first,	0.0, 0.0, 0.0, 0.0, 0.0, 0.0, 0.0, 0.0, 0.0, 0.0, 0.0, 0.0, 0.0, 0.0, 0.0, 0.0, 0.0, 0.0, 0.0, 0.0, 0.0, 0.0, 0.0, 0.0, 0.0, 0.0, 0.0, 0.0, 0.0, 0.0, 0.0, 0.0, 0.0, 0.0, 0.0, 0.0, 0.0, 0.0, 0.0, 0.0, 0.0, 0.0, 0.0, 0.0, 0.0, 0.0, 0.0, 0.0, 0.0, 0.0, 0.0, 0.0, 0.0, 0.0, 0.0, 0.0, 0.0, 0.0, 0.0, 0.0, 0.0, 0.0, 0.0, 0.0, 0.0, 0.0, 0.0, 0.0, 0.0, 0.0, 0.0, 0.0, 0.0, 0.0, 0.0, 0.0, 0.0, 0.0, 0.0, 0.0, 0.0, 0.0, 0.0, 0.0, 0.0, 0.0, 0.0, 0.0, 0.0, 0.0, 0.0, 0.0, 0.0, 0.0, 0.0, 0.0, 0.0, 0.0, 0.0, 0.0
13	0011-006	1239	586467	ἀρχή	ἀρχὴν	A	I	1	c	to begin with, at first,	1.261127053432732, 0.3220222519993753, 0.3220222519993753, 1.5453015398077308, -0.2784879289101254, -0.5291044018135432, 0.5039614324210594, 0.722878399460878, 0.5766180881396095, 0.9516783441146672, -0.1734717873979551, -0.247661978372056, 0.4959774636549036, -0.5025521727584991, -0.4375100856744722, 0.2286954630395391, -0.4542140947999423, -0.0224223546632443, 0.2016750309091793, 0.2569441461354811, -0.015289096440664, 0.280763318680129, 0.0588563614820159, 0.0603060273240403, 0.0239677207538357, 0.4048843636423904, -0.0283889009430076, -0.1408298859693014, -0.3274778094380914, 0.1037490551157926, -0.2224125031987186, -0.034029936291788, 0.1102603667832031, -0.0455395646302361, 0.001900436905429, -0.0309192125470143, -0.2973557658034652, -0.1379388212230158, -0.0778370133096912, 0.157658239320159, 0.1103745728983222, 0.1129672823448986, -0.137173802808917, -0.080034659294021, 0.0993651146005814, -0.1095793798747642, 0.0258842960070272, 0.0920605454616021, -0.1153724279351723, 0.0751644719024398, -0.1069756146651419, -0.0211757462950557, -0.0302378950777257, 0.016118507114292, 0.0262626817588339, -0.1630926356693764, -0.3623752377155896, -0.1053782014236264, 0.1909425720554475, -0.1826315602823509, -0.1934240564508212, -0.2597376996403397, 0.117519693277161, -0.0729630166689268, -0.2709326792015869, 0.2089012332442251, 0.2400065677679519, 0.0189999645304399, -0.3915586935679374, 0.0121406634586775, 0.1128713973476592, 0.0215098493518959, -0.2060513840361032, 0.0598050771980336, -0.1077641565383328, 0.0426309081209841, -0.0676210883609582, 0.0943384310330764, -0.1210446486856824, -0.0073226827913465, 0.0384010154072673, -0.0096762801882545, 0.0033198335011377, -0.1548543894370618, 0.0196552871843648, 0.1124432075339695, -0.189962467146554, -0.0707684380711427, 0.0097194124562156, 0.0181112904725124, 0.0403940294248076, 0.0945393404644431, -0.0327976286236384, -0.1161897069344182, 0.0774763700507625, -0.1765359443243976, 0.0473065738823277, -0.0653110268653351, -0.0326754296153257, 0.0738558328643638
14	0026-001	11	741838	ἀρχή	ἀρχὴν	A	I	1	a	beginning, origin,	0.4342794701242065, -0.9141657688535352, -0.9141657688535352, 0.5326722615877504, 0.1335166935143922, -0.048994559356863, -0.5154122393270878, 0.074376331765785, 0.0088577960403562, -0.0476505002032753, 0.3830083669882032, -0.4200813933988052, -0.1436721899775158, 0.0796957401489187, 0.2491554603473916, 0.1751428196662143, 0.0635903650241442, -0.1715565437407601, 0.1690832754810642, 0.1735672578729108, -0.1434205758442004, 0.1889773136931872, -0.1683172300207118, -0.0344522891656466, 0.0037007891573408, 0.2115367715958802, 0.1985616590676552, -0.291201767653205, -0.040071312029656, -0.1890844018240964, -0.1577697802961776, -0.1683887818572854, -0.0624193431104235, 0.1142625560292025, -0.1061554228721325, -0.3227871869886083, 0.129810338086957, -0.0192858398167933, -0.2658181589901671, 0.0142369700978274, -0.003080875283687, 0.1033687288592665, -0.0229505668040097, 0.1249916592134742, 0.1234703778383383, 0.0496291168411017, 0.0902340625235553, -0.0077025119363037, -0.0006019138810325925, -0.0376252363646376, -0.1927863823627464, 0.2456374909973888, -0.3149615047781118, -0.154756054586161, 0.0421842230661434, -0.1004006485398454, 0.0589905259086456, 0.0736450420254134, 0.0307278474409839, -0.1001187405429297, -0.1803778998081561, -0.1231074641517123, -0.0255117014764582, -0.0418509752383057, -0.0889209848272506, -0.0873779985031325, 0.1731658369156644, 0.1275117570272303, -0.3049576929629671, -0.0398193757928616, 0.1994101893886436, -0.0302989408522181, 0.0749723956688988, 0.016309116381641, 0.0471822264172806, 0.086153128523506, -0.0087216760295374, 0.0076622577855125, 0.1165380779879714, 0.003973161018308, -0.0964392460519602, -0.1033839630877628, 0.0989624419048886, -0.1217118636518836, -0.1271691742829812, 0.1664500562748353, -0.0233471270937919, 0.0769547285172155, 0.0378897398952598, -0.0077431215799608, -0.0683775096571751, -0.0268134608216479, -0.0449992063619415, -0.1065604411120113, -0.0237433925052675, -0.1020106117524608, -0.0113660451765075, -0.0878699856364403, -0.0587152233026571, 0.1903845908202082
15	0026-001	21	742662	ἀρχή	ἀρχὴν	A	II	3	a	magistracy, office,	0.8743643481586006, -0.1389222383895582, -0.1389222383895582, 0.7394566625212158, -0.0958364380688449, 0.1033054049964012, -0.0306679588102973, 0.1974332159523787, 0.1312136640930556, 0.0673140314772547, -0.0237835001834466, -0.4225586734074751, 0.2162082618993097, -0.0396055835902475, 0.0270636921577112, 0.2050617201571251, 0.1389718719027482, -0.3147161804921496, 0.3495730794424967, 0.181782990776666, -0.0207589077491783, 0.1452923228607183, -0.0452864636272455, 0.1886604227783882, 0.0809670159584406, 0.1639712302804602, 0.1312693451113434, -0.0140701393881721, -0.0366729488568548, -0.0199519558598712, -0.0696575291711483, -0.0557431955236804, 0.0075703550775283, 0.2190114644276219, -0.1832200876923398, -0.0962366652705376, 0.0780790525150984, -0.062322074953326, -0.051074756039899, 0.2266216029752699, 0.0853567605375343, 0.1152629692753818, 0.0328739266863856, -0.0762764481025885, 0.0745643616959846, -0.0852094175354133, 0.0302526861145015, 0.066716289692472, -0.089919522944597, 0.0068883968154077, -0.0581757694746351, 0.1063807046135244, 0.0227471971226069, 0.0452982491425285, 0.0794082769706234, -0.062707841883919, -0.1154772649896449, 0.034312748086475, 0.0507946674164303, 0.0714795005734709, 0.0081090250067816, -0.1210098483475379, -0.1198621549792522, -0.0561943894095195, 0.0744660180559951, 0.0052243670684367, -0.034422181636139, 0.0598564596550881, -0.2446042941703371, 0.0563696101038851, 0.2442196572746778, -0.0275202397788352, 0.1383414878695938, -0.010057003178377, 0.0862032203668467, 0.0881349264508785, 0.2049781631388125, -0.0296631412029401, 0.1187258924713184, -0.1352926314119844, 0.0807819285848868, -0.0300493807659904, -0.0534046187162365, -0.0232357443969904, 0.0371539536357456, 0.1154741169534224, -0.1300749695736723, -0.0435002512605813, -0.0796210515695321, 0.0457111498219581, -0.0397990793218704, -0.1936662437903912, 0.0905337371277516, -0.1717281250441758, -0.0358556119076645, -0.0655003269324972, -0.0671859852413237, 0.0479629059368565, -0.013442625029867, 0.1028757561815494
16	0027-003	20	812202	ἀρχή	ἀρχὴν	A	I	1	c	to begin with, at first,	0.54322467648954, -1.00604265608964, -1.00604265608964, 0.630264243276215, 0.0845016875197486, -0.260228479265077, -0.728763463469185, 0.103662724998707, -0.271863634763877, -0.325599983706706, 0.302474602770006, -0.350958582959436, 0.0786015972667332, 0.0783608826672951, 0.173185215501368, 0.171660349905408, -0.0950966984363324, -0.322083257689724, 0.283574508765417, 0.185990832214776, 0.0197899804683853, 0.242092989996013, -0.212576109856127, 0.0673961852557969, -0.216407905746015, 0.190107305381224, 0.518327797956016, -0.234647554852775, -0.001125998263792, -0.230474277251629, -0.319009044995116, -0.206290617243701, -0.167747994571899, 0.245006848025974, -0.167699552991457, -0.470964949120455, 0.019823061010807, -0.03197273165073, -0.432050059969417, 0.0072679702728831, 0.0246513165931522, 0.357784654522162, -0.0105370581767397, 0.194243892094004, 0.0731308934302417, -0.0481410214473069, 0.130923574493875, 0.116250950376896, -0.0297764152255148, -0.10717520710645, -0.189710025724341, 0.34757027279917, -0.32932282118944, -0.340532245043029, 0.0328674399107545, -0.159267152751764, 0.155040379454609, 0.171024334881206, 0.0145521250563581, -0.2022184931079639, -0.294084059448199, -0.314373637644238, -0.0108959188098577, -0.175300377152318, -0.0602426358205674, -0.226320102040624, 0.23640489438647, 0.0910228205569421, -0.603953336382776, -0.0753294601540926, 0.363468251343992, -0.0588426731788575, 0.227245055113255, 0.13328772093139, 0.0662343611816532, 0.202143048891661, 0.0604625797581419, 0.0216615456225538, 0.150067296722941, -0.105627667417791, -0.0996129710070597, -0.225490159377591, 0.144734442637309, -0.206754526542311, -0.111706859263588, 0.281810364418438, -0.093800164652404, 0.0467339327922654, -0.0340811841265374, 0.0456199793520822, -0.152604081873554, -0.0322660607492988, -0.0076960302921762, -0.0513032038386967, -0.0585923815756662, -0.214944746339612, -0.0684989521343171, -0.120580298848335, -0.0503368644671579, 0.200947614446051
17	0028-005	48	829942	ἀρχή	ἀρχῇ	A	II	4	a	magistrate,	0.519024844920818, -0.831997270269028, -0.831997270269028, 0.822688678055835, -0.618152899403386, 0.0339529103539156, -0.112055755486856, -0.0715720391931604, -0.26320138073158, -0.34706588858339, 0.437322762535033, -0.394613543078872, 0.325886647267229, -0.309041059143499, -0.272958718314053, 0.4894271392527, -0.0435345734538642, 0.0630393195996106, 0.466953773949849, 0.0434590957343114, 0.110618554411562, 0.32340324440314, 0.0414051266417334, 0.337426154102312, 0.0211797887288946, -0.212010427286654, 0.343679576735638, -0.171155808350136, -0.0904695365922048, -0.634066931403389, -0.0815867878361654, -0.355680912443087, -0.398732783501656, 0.147555075341069, -0.255035953875992, -0.235801518995482, -0.429701260260132, 0.0760733960689549, -0.165523075008257, 0.339755922594716, 0.199498111062854, -0.0208446495767171, 0.125346110318074, 0.672383150705603, -0.0273706731647436, -0.029016242680044, -0.050807779567291, 0.324636828451672, -0.0602280360055927, 0.170399022272868, 0.1552093083661, -0.214365244759529, -0.240368227348507, -0.176849359904889, 0.0391766229268665, -0.141195435133627, -0.103481808509077, -0.262747281966164, 0.363999828236484, -0.371111106979363, -0.221845719830219, 0.300069297929579, -0.155216561795313, 0.112364404320055, 0.141151669521379, -0.0638833496192861, -0.38864875457148, -0.0308314310328171, -0.214746349994768, -0.321582669267855, -0.0533095423696537, 0.409041040049522, 0.597619089858185, 0.0715095072565514, 0.0410290465754184, 0.138594365955543, 0.0472320300831149, 0.34025942927485, 0.251239477760661, -0.0918566206240845, 0.138868151045465, -0.194713475055565, 0.155275794584216, -0.041974175581297, 0.0246144246172076, 0.282906332278022, 0.0703949061317627, -0.34259025285052, -0.163138025796123, 0.107934028291927, 0.0646717211193052, -0.0485883514050233, -0.0032123722026624, -0.136057047260165, 0.4305031559796049, -0.0650790702641211, 0.0868550265117549, -0.0746590727238787, -0.196348570309631, 0.176930416257685
18	0028-005	73	831816	ἀρχή	ἀρχὴν	A	I	1	c	to begin with, at first,	1.47969486563607, 0.584767602587192, 0.584767602587192, 0.874746264624254, -0.732754642093989, -0.0149027181939602, 0.482494633063302, 0.195317224306632, 0.0738236272896189, 0.107138255137503, -0.414767493483512, -0.0305285588512589, -0.119429921866399, 0.2487385408675159, 0.0234284258498306, 0.239548537412695, 0.161287285966383, -0.176485885810142, -0.0395997848639626, -0.0716311055638833, 0.227625018227837, 0.0331069115250037, 0.251816740780332, -0.123287614647226, -0.223239796855366, 0.0644106733611609, -0.0031865230611304, -0.449765060828206, -0.146882725488604, -0.246326108937216, -0.0801782088755001, -0.0470714380388518, -0.132035801432339, -0.108484858158357, -0.210532967947854, 0.230078496026703, -0.156857158644163, -0.466769354960051, 0.038779295427472, 0.860370094801025, 0.325980566966975, 0.577102612356745, -0.297372971973292, 0.077537640677861, -0.0778624563662661, 0.245696720787957, -0.105395912334489, 0.363712112763684, 0.2661825690379351, -0.0537785190617359, -0.0208097614987119, 0.18090892706013, -0.386825315510257, 0.0072546836072548, 0.0936637119885485, -0.669114691103843, 0.0204486175787373, 0.619818550797648, 0.222394808620777, 0.136806712458073, 0.145778101176421, 0.401631386921528, 0.126980527932052, 0.329088523961792, -0.153843744494642, -0.278423191267462, -0.199532321519057, 0.148092360114182, -0.159505709539709, -0.183099694060005, 0.304606458620483, -0.0513596082110053, -0.400286910263751, 0.291154768412203, -0.0673024377390692, -0.198726546968639, -0.60948250069194, -0.141734226688253, 0.0644862690515555, -0.0539645787380656, 0.239608048111027, 0.0105618232432522, -0.110190467018839, 0.410183217893873, -0.175624253493151, 0.554929372801315, -0.114123664369346, -0.110883313038907, 0.0177276806719888, -0.324900649151501, 0.483495892733362, -0.331965018974967, 0.396675685077543, 0.085324357199656, 0.0034253385633137, -0.0348986993999671, -0.373190443628578, 0.025453063081975, 0.205119630424866, 0.32704816706491
19	0028-006	42	836919	ἀρχή	ἀρχῆς	A	II	3	a	magistracy, office,	2.17975774335954, 0.526021995747483, 0.526021995747483, 1.14664760875405, 1.12693125011009, -1.36829327458769, -1.01828001233674, 0.606509603493777, 0.0351816672255285, -1.02243982261148, 0.388198183242879, 0.975352294018752, 0.748622214028306, -0.536317825883408, 0.100359089375158, -1.23200187795802, -0.716205001455118, -0.355519965206413, -0.0673294264837148, 0.530776399218939, 0.337624235821749, -0.120246738229935, -0.569640746147091, 0.346461376378472, -0.583533977337309, 0.177228245776506, -0.427775012077472, -0.670597854798454, 0.188484286422799, -0.267306710268721, -0.0611642887646447, 0.21325734806401, -0.781987345147452, -0.478161372942862, -0.0299756097642616, 0.304828614827651, -0.248036816885997, -0.197857779736956, 0.450259719242599, 0.206681317260029, -0.0740910788688442, -0.193421858710158, 0.0394467388404874, 0.35497687562271, -0.0609825457126181, 0.484524934047694, -0.555023212492835, 0.165605473916524, -0.0443263180056126, -0.104708107570744, 0.115903910349263, 0.465687334597943, 0.243509626583773, -0.175559250749914, 0.164235596437873, -0.185036823361641, 0.170402751924357, -0.172548805183387, -0.0012751747853816, 0.778614322923357, -0.0249058002927394, 0.111184845691661, -0.389897477102923, -0.0781983400421631, -0.162232488461316, -0.309159664095694, 0.298604232041951, 0.434361643610472, 0.466830488089256, 0.403504477315936, -0.156358404581635, -0.258431905098295, 0.561337610739033, -0.213948782536456, -0.173482987574586, 0.452030108378127, -0.0491981139778336, 0.0819419437013295, -0.157896259618907, -0.165386899365733, 0.233134628340202, -0.230743040942065, 0.249375507380303, -0.320810745806816, -0.178353261692735, 0.0848571657352452, 0.0031822376494388, 0.296253334055662, 0.563061695529117, -0.468484486206805, 0.0932490373838544, -0.0582559101349744, -0.0779815013007388, -0.0577066549742791, -0.177282222428584, 0.261544502426215, 0.0302563729791526, -0.139935280405291, 0.189539768612458, 0.277611500289506
20	0552-004	11	912076	ἀρχή	ἀρχὰ	A	I	4	a	origin	0.182371175355266, -0.3202260115621869, -0.3202260115621869, -0.0877539086167948, 0.0444183574459779, 0.0516922357165299, -0.306423794403258, 0.164233843768375, 0.0995159974011433, -0.0108407799051452, -0.160197014532434, 0.0904646237997934, -0.008986282834485, -0.0559887588034597, 0.0454341692392115, 0.158237072458232, 0.0441509743896384, 0.0050083911539345, -0.117348874588101, -0.0424274054571547, -0.0770099828089514, 0.312288568328052, -0.0177318374595246, -0.188880423721188, -0.0065783151413976, -0.256307970474017, -0.0145706326518794, -0.139487766415514, -0.13987374860397, 0.115036794171372, 0.0197041096577457, -0.007914262448768, 0.114834683467626, 0.3204940629770749, -0.140087731481579, -0.0289877651987723, -0.129226505924363, -0.213447113533042, -0.210156891814461, 0.042683119791808, 0.115989779588578, -0.009718077892487, -0.0109460940575783, -0.0410218201613747, -0.0896171900497136, 0.042715672135823, 0.164587522290624, 0.092940907014243, 0.0852255716865498, 0.174317703179768, -0.0782254909280637, 0.0810000738939988, 0.0793385567909539, 0.0091376642413274, 0.183437454378884, 0.110281513100393, -0.108105593194221, 0.0286614918881969, -0.0764094900131259, 0.0388182851666144, 0.213403462403166, 0.0968191576025804, -0.0851950968070196, 0.119765630558449, 0.0466271036523935, 0.0539510312172971, 0.219657025642411, 0.026375002575187, -0.0832821461320579, -0.117511374265005, -0.0087133392230307, -0.186704335908179, 0.0648622738157825, -0.0751420654605667, -0.0061800130402774, -0.116492710746312, -0.0242775710930883, -0.0860215409266733, 0.0305648579869989, -0.0816409980840841, -0.0567476022120811, 0.0550501680347097, -0.0392501655303425, -0.0201410629470971, 0.0061298740867932, -0.0911998487973147, 0.0187577355133428, -0.0854290807921337, 0.0128435163712656, 0.0878419648258445, 0.0231610400719022, -0.0134775408295488, 0.0539668110744539, -0.0375319308720905, 0.107012620091817, -0.197696326538279, -0.128196098434122, -0.101029882012984, 0.0547863137478739, -0.0583517396242438
21	0014-002	10	2135428	ἀρχή	ἀρχὰς	A	I	2	a	first principle, element,	0.426054400663258, -0.644388103892865, -0.644388103892865, 0.255599186872927, -0.289428639091686, -0.275385511928189, -0.513702806452943, 0.340315936881312, -0.176130583876474, -0.25045973782671, -0.0852983609340812, -0.243902207586726, 0.0869511358366088, 0.0624473902431449, 0.120496884899553, 0.221040187075692, 0.0688891112375188, 0.212480081825569, -0.0305224021175639, -0.105357985755445, -0.0172037875656969, 0.299339328784591, -0.184103236511724, -0.395323194427377, 0.144070681807201, -0.472104003770342, 0.262033899864399, -0.0585639559544755, 0.0309164354764594, -0.156155454734154, -0.210906255463011, -0.0601577994997336, -0.235647701966301, 0.226310491723746, -0.0339346720753454, -0.112451609486548, -0.211686562464078, 0.0060467345707699, 0.0194996399165265, 0.267825350115502, 0.106910411458734, -0.11085582290989, -0.0476937195344076, 0.0061228527329193, 0.0862790183111115, 0.124301117009568, 0.159707028841128, 0.159644636427447, 0.111044966031411, -0.0432665373351854, -0.119589591744472, 0.0335161809829153, -0.0448597226817868, -0.094859302824084, 0.152758104553725, 0.219015915125352, -0.143700744532206, -0.0054690928488762, 0.0422116834435556, 0.0837237266920579, -0.245445451203259, -0.282802784594371, 0.393686825554585, -0.127961595737835, 0.0690296424411804, -0.119213418770324, 0.104063667272921, -0.0539634653200652, 0.137910959668739, 0.107557270947731, -0.0026331206387819, -0.0154267982302921, -0.243721321053389, -0.0161269847181184, -0.0701075818731773, -0.520672320544983, 0.0775322002033891, 0.0944666192415381, 0.286949679585071, -0.206833161221333, 0.266686710141621, -0.0131691314154898, -0.177549266115708, -0.123022193017015, -0.180921626661044, 0.106848394281416, 0.127908401284175, 0.0230111198081337, -0.0841406150531471, -0.0398715654127487, 0.0540548313030311, 0.120997359140457, -0.064786097546891, 0.0244489938416845, 0.164703901411302, -0.12876799800598, 0.0513825132255304, 0.190331197176116, -0.161412686628445, -0.0427995985952396
22	0014-003	2	2137169	ἀρχή	ἀρχὴν	A	I	1	a	beginning, origin,	1.20287796003244, 0.166031035128053, 0.166031035128053, 0.0621939562894296, 0.313201378901311, -0.432110014069812, -0.592634412244903, 0.492982127434125, 0.133861279737789, -0.434929097857847, 0.279490245058299, -0.0415241247018699, 0.237330034590171, 0.151408428947907, -0.0863484749243972, 0.580820363499898, -0.0035709566351281, 0.320223261590387, -0.2319179637249709, 0.139797091397156, 0.029486790585562, -0.1232911982476429, 0.001019903063258, 0.320923065141184, 0.40848505430597, -0.46166563887245, -0.517758272988358, 0.0716318565211952, -0.0260982083469632, 0.056262632632542, 0.268544372391778, -0.2484019462667309, 0.167704378744981, 0.160301579690162, 0.034064248280222, 0.2274755630881969, 0.161843181086441, 0.226750315729764, -0.423187136478151, 0.0277961020691701, 0.187594224423437, -0.254216028702151, -0.26457686050553, 0.0715270539447147, -0.0769321300055539, 0.0190992825962144, 0.2251957663855229, -0.0508717008103406, 0.147444866889308, -0.2410728757930139, 0.0217432973704003, 0.281027549577324, 0.0623904907694482, -0.215809001582164, 0.0535933661933534, -0.110187915866277, -0.0859810052765952, 0.0396201241476526, -0.13754390128812, -0.1206917142034019, -0.199856177884863, -0.198120449429698, 0.234789004201436, 0.131499711454805, -0.15268137891089, -0.26100743944063, -0.0036482836315167, 0.1136760803201659, 0.245325209697269, -0.0314467157375805, -0.0210657916225299, 0.274743509407386, -0.0777488683837772, -0.145284093115264, 0.296777297032115, -0.422058167814095, -0.010199518128705, 0.0909251712198337, -0.161195532355532, -0.0450449343832614, 0.0110821768945632, 0.0959111270913388, 0.155030161038522, 0.304404126356954, -0.215733915042316, -0.0429993128943168, -0.103876236152439, 0.179121682958319, 0.0418474390769821, 0.100899768610207, 0.391947977718795, 0.2294479772591459, 0.0581071815984409, 0.384709880494373, 0.173188190815035, -0.100865773710595, 0.0478498251558701, -0.382724422936243, -0.0174898073798621, -0.143134451662048
23	0014-021	196	2262389	ἀρχή	ἀρχήν	A	II	1	a	first place	0.305869442110728, -0.772178452997835, -0.772178452997835, 0.277812674378333, 0.114365716049761, -0.47224736394516, 0.143002518706717, -1.20391991745924, 1.13603522986297, -0.426815605187987, -0.0509664565808821, -0.301091505599949, 0.108385249821442, -0.313479258380376, 0.165963102932982, 0.458947808067793, -0.125111798296697, -0.259241524863721, 0.0752362505632714, 0.545185189290819, 0.0483336842966712, -0.329068554881552, 0.0567504347229508, 0.319086002742233, -0.660431454642737, -0.396375319282367, 0.206780019033509, 0.535197936442024, -0.177524295157556, -0.046734638004353, 0.194941844465319, 0.0193430331237075, 0.0142241938661122, 0.972221993580876, 0.096485211952914, 0.332294106276433, 0.105816917875137, -0.435205629324964, 0.544075850483911, 0.0285840345328218, -0.0504195559310387, 0.154492642637775, -0.336832356718854, -0.602976179754827, -0.300407369997773, -0.105751830853522, -0.026975212734879, -0.494792867411517, 0.0448631631456786, 0.0702877947089269, 0.0901303135767296, -0.556033263594088, -0.0463626126573919, -0.0612020169674304, -0.218968186828076, -0.0200088480393366, 0.387674988002197, -0.354912714296795, -0.269567538951599, 0.179045185542666, -0.29682188432742, 0.0421472514737556, 0.0475055874155542, 0.261882411509941, -0.0193275535869097, -0.0688103348635161, 0.2814937580094, -0.0193113130104002, -0.235343853983953, 0.392550244871821, -0.0494758793928875, 0.0980366612326, 0.29366897150125, 0.0130874790287541, 0.141183915483463, 0.0050762945919818, -0.401282410491444, 0.161962505490317, 0.227984269987572, 0.145027466314056, -0.0820499753495137, 0.0470588514486697, 0.212279073964785, 0.0829892963886259, 0.144876853144634, 0.321131365378554, -0.0901178310660377, 0.337657662135378, -0.0471766331916956, -0.381223377490261, -0.143113897563714, 0.0394390509510372, -0.0788167493700611, 0.0552366076971546, -0.0241253619022124, 0.200470077486198, 0.0112654642229907, 0.0156114136705275, -0.202126455448937, -0.0016357876580888
24	0014-023	93	2278945	ἀρχή	ἀρχὴν	A	I	1	c	to begin with, at first,	1.2623131112624, 0.688466614579496, 0.688466614579496, 1.05068849936645, -0.471106822956158, -0.45471103872359, 0.643880645823143, 0.770667343121125, 0.66635058869035, 0.909437236269018, -0.319770503523126, -0.0940178765518467, 0.502594513847425, -0.458882095963273, -0.653641558336272, 0.15381033204089, -0.555646286592053, -0.238820561017476, 0.478741571598026, 0.231953307212314, -0.132644136913811, 0.245475705739981, 0.611980509989771, 0.0860629190033054, 0.126021189507025, -0.263198782648082, -0.293264253880555, 0.263904650512974, 0.0043595891808797, 0.465679042315529, -0.206794810148377, -0.1241810236501889, 0.0463904642030606, 0.0541034343478359, -0.139982586944378, -0.000634475291009973, -0.256001560689542, -0.0625890751062521, 0.0099493125909479, 0.209528920285844, -0.0022703159637539, 0.0616042984747009, -0.0119818107872001, 0.522012841755036, -0.193156132654379, -0.0286716800019675, -0.0385295743795093, -0.131677810236922, -0.0389155398417267, 0.366532770789753, 0.0389753031606544, -0.205860923146423, 0.0091810632317471, 0.253099816333297, -0.0208245183908686, 0.0614469666351203, -0.219878429723321, 0.034822431858637, 0.301722286906956, 0.325086953295833, 0.0118183375566769, -0.135092500398062, -0.4875653225966641, -0.220563648156698, -0.0307625598695028, 0.398955511702384, 0.268512078101225, -0.314770408632345, 0.0408062107273727, 0.219855206228315, 0.247815249784236, 0.1239427660483319, 0.112182251221554, 0.0710890857293133, 0.171790096377484, -0.232807710565709, 0.0484533198036486, 0.285575551622161, 0.0903545646858843, -0.196150947357125, 0.153433793716291, -0.182611669929704, -0.0764734759290267, -0.11476854517306, 0.123752713344572, -0.0450508612399066, -0.0560210844245325, -0.0288177473772422, -0.013762989416523, -0.0061454590388385, -0.205521939284196, -0.153982316582943, -0.139433642195314, -0.374340234021596, -0.115253372502818, -0.16513579870424, -0.046211673645044, -0.114031056875294, 0.320317870992061, -0.0357895080455386
25	0014-054	3	2414962	ἀρχή	ἀρχῆς	A	I	1	b	the beginning,	0.6084477000245448, -0.4304660964632893, -0.4304660964632893, 0.4896083603490883, 0.3202012734140111, -0.3521273410927767, -0.308020986158727, -0.1491949157539932, 0.4575341018137677, -0.093255314765623, 0.3125303403173122, -0.3742169781840281, 0.0847131781794556, -0.1522369799027748, 0.1248721023350486, -0.0683642576331894, -0.1027265376838855, -0.3411763304910718, 0.3446774193934261, 0.0237443038176448, 0.2180492922534328, 0.084686005366775, -0.3016485236416722, 0.0959521740221809, -0.3780883834921899, -0.0615808615164466, 0.2195994755974895, 0.5213171625828356, -0.2299552600922597, -0.2952413930503512, 0.0019436376587417, 0.1622346092540436, 0.1789242893550012, 0.4972080842022318, 0.0767677079034034, 0.0954216435340274, -0.0755597230086043, -0.2350473548808257, 0.2042245732176007, -0.1267421282283755, -0.0643402731465505, 0.3094821284821233, -0.1231041300562091, 0.0184747433654354, -0.0013176128123347, -0.1289826844100058, 0.1768408788426072, -0.1200044824200182, 0.1062094653896797, -0.0508933423093056, 0.0473241533868906, -0.0134413606011553, -0.050758501111401, -0.0215727601575268, -0.1620263979295486, -0.0586475137160396, -0.0392165049929593, -0.082437313772654, -0.1795753727633578, 0.2600041493538961, -0.1976313524806356, -0.0467229034211048, 0.0504501093844318, 0.216832891521524, -0.3054937658310832, -0.0968858179506471, 0.195912406720356, 0.000911720408200748, -0.0400780319595983, 0.0379099663640178, 0.1869332876096124, -0.1636357004556448, 0.119573150607301, 0.1618158314762239, -0.0973076027543261, 0.0197234060357405, 0.0254437840990529, -0.0915951711863764, 0.0647985296557321, -0.0801275317914509, -0.0357580734041441, -0.1631445049541272, 0.0663891907049385, 0.1146608697035135, -0.0329801219188678, 0.2166671503412611, 0.0064452175848069, 0.0232111793081433, -0.0576045392456519, 8.137290174790373e-06, 0.0420356753205968, 0.0670337255588079, -0.0718344955897061, 0.0425997607948413, -0.1096589503325034, -0.1282871789868745, -0.1533687564934302, 0.0582333870037207, -0.0856876282346374, 0.1083460974381923
26	0014-057	25	2426441	ἀρχή	ἀρχὰς	A	II	3	a	magistracy, office,	0.5839177149740602, -0.4189794589370582, -0.4189794589370582, 0.5212684310243192, 0.0917107460197294, -0.0810483417170226, -0.3323311164260035, 0.0567258808602998, 0.0248967112834377, -0.0489295290386161, 0.3321949805654686, -0.3751794402176595, -0.0375154604594308, -0.0175593387997153, 0.1449321698133722, -0.0168215200166249, 0.1306607276753415, -0.047376009367978, 0.1977930768226145, 0.0219908253556603, 0.118946315405492, 0.2980924672641006, -0.0257206078159322, 0.0838227137044541, -0.0403965848741855, 0.2578716967296087, 0.001493299529691, -0.1666389988506212, 0.0334223126812109, -0.2135213073178595, -0.2734387390293702, -0.2188376000422808, 0.0177669230438303, 0.0817755868525752, -0.1760140544159038, -0.2594995338946989, -0.044223933166953, 0.0662399725414264, -0.0895597115090563, 0.0593371516551344, -0.0176884575281733, 0.1604826825973773, 0.0924467276192664, 0.0287698695879186, 0.0280517686930285, -0.0098078911304202, 0.0759057836237741, 0.0207726365712111, 0.0031144790726467, -0.1506718338054993, -0.1492419244122398, 0.0489695396289441, -0.1151174327213831, -0.1077247809263311, -0.0243931683957042, -0.1159457368244471, 0.1528456601932701, 0.0585540496615923, -0.0612037427778024, -0.1146371570176945, -0.0301398447299795, -0.1346848215040249, -0.0602170839107966, -0.0465055378906474, 0.0746067172289745, -0.0018302297606926, 0.0890206083363807, 0.0050664867032448, -0.3060068946585427, -0.0607556218489311, 0.085243504961992, -0.1246089020043853, 0.0879767529158989, 0.0044848793154149, -0.0640432722382714, 0.0142487823666083, 0.0668151043029778, 0.000412022644177719, 0.0399704625141947, 0.0455984101123698, -0.0671056258944669, -0.0811626912404129, 0.0236715412401715, -0.2114748921166814, -0.0346397217707565, 0.1648539112188769, -0.0402791879138123, 0.0349422177244942, -0.0365260976856451, -0.0058606404559784, -0.0957299319818134, -0.0592633143666706, 0.1062971192586294, 0.0270430052623335, 0.0328688139155337, -0.1688018742931364, 0.0409492366415182, -0.0365646388604429, -0.0989132506425569, 0.0394902704687622
27	0014-059	72	2441065	ἀρχή	ἀρχήν	A	II	3	a	magistracy, office,	0.145233195513838, -0.547660244955729, -0.547660244955729, 0.214618428165018, 0.1554727642248, -0.145120428992475, 0.0778189789996674, -0.636687516065772, 1.04049385386955, -0.338202894907271, 0.240838679794552, -0.47700099636527, -0.145496719216675, -0.127913634064345, 0.0198900904379256, 0.346089395486804, 0.295509351733951, -0.501182571398749, 0.573985968310389, -0.313449245497411, 0.292292362091015, -0.1140374447536469, -0.122963197850864, 0.106897955046243, -0.691608973219732, -0.2863843002525, 0.060742630274585, 1.27014426545046, -0.640491917696105, -0.630935462951644, 0.2306960412427009, 0.312685707464164, 0.479687355580037, 0.956109859976076, 0.2262045162434789, 0.629219226275955, -0.194243184914863, -0.507371503679859, 0.594409662721794, -0.0804480342159267, -0.0936970593894223, 0.352249696649434, -0.189595951206318, -0.370803966522439, -0.136102242366986, -0.4163945086400629, 0.380514117844471, -0.423897270351965, 0.1221157576438699, 0.0638670701724803, 0.387406887411337, -0.281206455588034, 0.0013124920475063, 0.0601616247234214, -0.347897544865883, 0.19282990597921, -0.116033044484762, -0.135829186027675, -0.509756531699559, 0.510282485174707, -0.058659942716761, 0.177344209468975, 0.143026945288846, 0.422616589369591, -0.391927016381285, 0.123774993441806, 0.251993548440349, 0.0973760013318371, -0.202252600058683, 0.134870751427179, 0.13680672168787, -0.173764600403696, 0.190626055899473, 0.312086097006447, -0.105652762098074, -0.0796021234238944, 0.106332184961796, -0.2373380245806389, 0.0937946821809615, -0.236032944713574, -0.047587069961601, -0.125707118563903, 0.0921227713765651, 0.317801610804036, 0.0027297042158307, 0.07564717320728, -0.0710781279182707, -0.199541409591021, -0.205928343965892, -0.0492217548849465, 0.109726392767525, 0.0723464541409311, -0.226480169398028, -0.121515121329954, -0.211825703304582, -0.0758643678595452, -0.2218279878086709, 0.249678421452321, -0.156556917234715, 0.0657425582668483
28	0559-012	84	4488531	ἀρχή	ἀρχὰς	A	I	3	a	end, corner,	0.0226273285899339, -0.0787604655031522, -0.0787604655031522, -0.0281755291370109, -0.0039930187072084, 0.0122719437546353, -1.95072238526868e-06, 0.0340881298256243, 0.0211795878212053, 0.0190979178287116, -0.0595215482596263, 0.038750693486843, -0.0083221302112194, -0.0284375566413052, -0.029581664323066, -0.0472115795788838, 0.0337444922082281, 0.0630599990447513, 0.0194521097203493, 0.0309208352934075, 0.0523075102206971, 0.0389938781315077, 0.0056638399763952, -0.000244712961272673, 0.0417098130648609, 0.0014462793251077, -0.0113222126800461, 0.0010101524829625, -0.0490661672300317, -0.0185204253146326, 0.0161723493767055, -0.0338693348012784, 0.0265053520794668, 0.0245308613197684, -0.0588335936992387, 0.0426137215062457, 0.0181110123088479, -0.0184636126845112, 0.060360050234094, -0.029840574790136, -0.0320797983255016, 0.0251789566386892, -0.0060463687477564, 0.0033912965675052, -0.0477435379623396, -0.0420194765855704, -0.0014498165112792, -0.0166572109944825, -0.0164787874329515, 0.0504909558350924, -0.0161209856379505, 0.0437648535723815, -0.0578288260839146, 0.0220832188038523, 0.0117642635654109, -0.0200266576064822, -0.030550958624601, -0.0377125862582214, -0.0455797622008023, 0.0038833555450642, -0.0091234514783288, 0.0174845161635847, 0.0135339374060935, 0.0108373974228902, -0.0246059279111515, -0.0562464557857782, -0.0107202181351174, 0.0405498283630456, -0.0289518589010831, 0.0436014655209283, 0.0715235582667704, 0.0401560370218287, -0.0063990173713175, 0.0213983280904375, -0.0325253766615394, -0.0251521923152051, 0.008008422860469, 0.0240673786359549, 0.0493882407453923, 0.0630250775333581, 0.0650922242294007, 0.0639104680050837, 0.0189252787754156, 0.0353475404212693, -0.0435038096685584, -0.0570835232964179, -0.0386780648246946, 0.0147948314186046, -0.0445425416586964, -0.0550747265276544, -0.0417396633324699, 0.0108041010998865, -0.0399282669553558, 0.0266290240096432, -0.0223906637488791, 0.000859187636030227, 0.0040589223369915, -0.000201907143900055, 0.0390936794596647, 0.0431732975001277
29	0627-008	9	4592665	ἀρχή	ἀρχέων	A	I	3	a	end, corner,	0.145233195513838, -0.547660244955729, -0.547660244955729, 0.2146184281650179, 0.1554727642248, -0.145120428992475, 0.0778189789996674, -0.636687516065772, 1.04049385386955, -0.338202894907271, 0.240838679794552, -0.47700099636527, -0.145496719216675, -0.127913634064345, 0.0198900904379256, 0.346089395486804, 0.295509351733951, -0.501182571398749, 0.573985968310389, -0.313449245497411, 0.292292362091015, -0.114037444753647, -0.122963197850864, 0.106897955046243, -0.691608973219732, -0.2863843002525, 0.060742630274585, 1.27014426545046, -0.640491917696105, -0.630935462951644, 0.230696041242701, 0.312685707464164, 0.479687355580037, 0.956109859976076, 0.226204516243479, 0.629219226275955, -0.194243184914863, -0.507371503679859, 0.594409662721794, -0.0804480342159267, -0.0936970593894223, 0.352249696649434, -0.189595951206318, -0.370803966522439, -0.136102242366986, -0.416394508640063, 0.380514117844471, -0.423897270351965, 0.12211575764387, 0.0638670701724803, 0.387406887411337, -0.281206455588034, 0.0013124920475063, 0.0601616247234214, -0.347897544865883, 0.19282990597921, -0.116033044484762, -0.135829186027675, -0.509756531699559, 0.510282485174707, -0.058659942716761, 0.177344209468975, 0.143026945288846, 0.422616589369591, -0.391927016381285, 0.123774993441806, 0.251993548440349, 0.0973760013318371, -0.202252600058683, 0.134870751427179, 0.13680672168787, -0.173764600403696, 0.190626055899473, 0.312086097006447, -0.1056527620980739, -0.0796021234238944, 0.106332184961796, -0.237338024580639, 0.0937946821809615, -0.236032944713574, -0.047587069961601, -0.125707118563903, 0.0921227713765651, 0.317801610804036, 0.0027297042158307, 0.07564717320728, -0.0710781279182707, -0.199541409591021, -0.205928343965892, -0.0492217548849465, 0.109726392767525, 0.0723464541409311, -0.226480169398028, -0.121515121329954, -0.211825703304582, -0.0758643678595452, -0.221827987808671, 0.2496784214523209, -0.156556917234715, 0.0657425582668483
30	0627-023	1.1	4693168	ἀρχή	ἀρχὴ	A	I	1	a	beginning, origin,	0.140245434342904, -0.52132864242822, -0.52132864242822, 0.333521355046843, 0.154132502668934, 0.0538880098396082, 0.149529407524682, -0.336378004512979, 0.525149797783565, 0.0603733567519481, 0.678404801282064, -0.637920569153974, -0.303022771315582, 0.0388562848070175, 0.300708201618217, 0.237477817736735, 0.269911805606178, -0.400428607109692, 0.410234599351375, -0.0642824767662242, -0.0680169380776763, 0.0380397278396539, -0.320285991020887, 0.0675161652738526, -0.258493630168237, 0.237857331794561, -0.289101588809637, 0.574647042476334, -0.3456358371005589, -0.479857349099725, 0.0437124842247618, 0.0253955560391913, 0.355624053073424, 0.444726318142984, -0.0082239011492548, 0.286154747147522, -0.134648494360342, -0.150619214869169, 0.302371010926117, -0.0301542936796808, 0.0209514759444976, 0.136562511917106, -0.0507354698775507, -0.264419042811341, -0.0766072273069228, -0.355684536582683, 0.0482074327453861, -0.11735275319849, -0.219772112908829, -0.182118086681703, 0.261748594155504, -0.316597004142393, 0.0524830952804333, 0.106383180837146, -0.302361617445274, 0.0164031710760361, 0.195991482394863, -0.0731049301915167, -0.480766593814821, 0.40832192414142, 0.329220850961746, 0.128651288910784, -0.142829029716294, 0.329545505250362, 0.0872638350239721, -0.0182782131583868, -0.255372912730686, 0.111255703261115, -0.265853914952009, 0.0816146497696956, 0.150242944048361, -0.412830337677977, 0.0466794977923444, 0.239105132191297, 0.13460896707465, -0.15684838908181, 0.601652252555558, -0.279115041523505, -0.0108948680271062, -0.174394249427069, 0.0089127948816018, 0.0584485584289476, -0.159788311917834, 0.243387127264101, -0.0719741677848189, 0.134843840776961, -0.0376207912748908, -0.380824704990636, -0.270634694741825, 0.246107782641687, 0.0187568911181629, 0.11464601654964, -0.0172812216253124, -0.0518544976815343, -0.254008357904409, -0.116491940465372, -0.223203040608673, 0.359296961770885, 0.0916429950958077, -0.0498026051480527
31	0010-021	120	5111866	ἀρχή	ἀρχήν	A	I	1	a	beginning, origin,	0.775430142652928, -0.666927534229441, -0.666927534229441, 0.612585384915666, 0.859056561875442, -0.413030896158815, -0.892906828047643, 0.000466609628446691, -0.2294298202420889, -0.156847333782733, 1.08178642323303, -0.571291214779849, -0.526178425494436, 0.0892598872973193, 0.919810585228252, -0.788155493221548, 0.401153988479565, 0.3459846904498299, 0.088247965000489, 1.04899330889111, 0.0503259929498377, -0.0679919356590324, -0.556781487872713, -0.0840172359895629, 0.249381244782387, 0.886039297928403, 0.229677252604153, 0.190288120668348, -0.380770202742632, -0.0091503717272783, 0.0287638481972597, 0.277987960736539, 0.0204955227634615, 0.0056210391197611, 0.0553826799263915, -0.177193274910609, 0.283604574837561, 0.536661128387281, 0.0029847245956609, -0.458115674488594, -0.24240281130574, 0.0297232113466816, 0.581521805281648, 0.285081119059397, -0.0269296785831442, -0.0896837437996471, 0.498847341429845, -0.0217805447375331, 0.206969993931808, -0.0381349054410635, -0.174971157856899, -0.306127120611627, -0.189227295446114, -0.18528180024391, -0.412996681613127, -0.164502450905527, 0.198775681551152, 0.110251671562443, 0.231275537626109, -0.168068608631959, 0.276512056534025, 0.205745450294665, 0.18959993246539, -0.170852786430751, -0.0988413119753899, -0.37554929478674, -0.0470013542492758, 0.261429136237773, 0.104472884009355, 0.211026764108312, 0.157819842484404, 0.178637584778031, 0.271180663584118, 0.0821760037513783, 0.0876108360231214, 0.27595638929817, -0.175709133014488, -0.0721780591247253, 0.2567805038652, -0.0535601326719219, 0.0016389693677251, -0.139614946628265, 0.0980655507955648, -0.274051823542268, -0.0618616768659197, 0.289585941567346, -0.156048477955014, -0.0107073269850427, -0.196333089697865, 0.288276774719019, -0.186076014908816, 0.0579041863717575, -0.0994257140664105, 0.403716409823519, 0.272482796496893, -0.0065340301692916, -0.407695228235374, -0.0741131743881902, -0.0249206350513762, -0.108950246082041
32	0059-006	177	5876915	ἀρχή	ἀρχῆς	A	I	1	b	the beginning,	0.2870232602843508, -0.4361714925131578, -0.4361714925131578, 0.0426382521159951, 0.2831134899789246, -0.1734674060863536, -0.0201695056040334, -0.5577756162795238, 0.6864123577270912, -0.1599600777436241, 0.2231783448071218, -0.4520855788314303, -0.1160813884680833, -0.0350314936887968, -0.0390739918866469, 0.2268192028556803, 0.1909636541142179, -0.4670554657462303, 0.4115235642091154, -0.3306213994190508, 0.2618171587592765, -0.0791503691827527, 0.0354527123624723, 0.1550796387535461, -0.4235806680662441, -0.1904869861720533, 0.1094380506489502, 0.9371663091917743, -0.5728546171908521, -0.4451568870657341, 0.1948614035257426, 0.3580130081962376, 0.2737509611760486, 0.7071011487503972, 0.1401297598250299, 0.5157733093517328, -0.1644609692155684, -0.3485105745026887, 0.5425772362684577, 0.0048907746195965, -0.1159589428233656, 0.257196672675624, -0.2048614701899093, -0.2901762184608322, -0.1171107999135229, -0.3130221291154621, 0.2397293481414421, -0.3804389416880476, 0.1001887708143224, 0.0490648075863321, 0.2960884328431722, -0.1935566359140242, -0.036812887769169, 0.0013145658217864, -0.3371816678167297, 0.1720492230063104, -0.1436046524489838, -0.1234758879649234, -0.3119067794297442, 0.3839861356214343, 0.0319375890034697, 0.0967904496863375, 0.088728116656883, 0.3051549316905239, -0.2936635683962825, 0.1597847070052025, 0.213994822597314, 0.030072145594076, -0.1678639665730138, 0.0765908571899512, 0.0813032644084636, -0.213970325261852, 0.1335945466571271, 0.2692145797721568, -0.0325094753259036, -0.136006154926832, 0.1428857629415682, -0.1069740179537205, 0.0481207817914026, -0.0713691669256284, -0.1066235054012346, 0.1024442838930709, 0.0818647684632877, 0.2453143918870259, 0.0195404144653316, 0.0877982066184219, -0.0115842787083768, -0.1202031564989364, -0.1921954899831567, -0.0228169829967561, 0.0824046417213872, 0.076239805322229, -0.1405164221108605, -0.157034389161406, -0.0975617588089358, -0.0723532447061172, -0.1658963312667712, 0.1802469817475914, -0.0720973485045627, 0.1147003534686166
33	0059-006	206	5888272	ἀρχή	ἀρχῆς	A	I	1	b	the beginning,	0.123495369560357, -0.303053073233508, -0.303053073233508, 0.15707201872984, -0.140252806005208, 0.1153265046072409, -0.0222349590894659, -0.0108047343216802, 0.0345213944401057, 0.119402408141229, 0.368287559230361, -0.364811370969031, -0.191653219874886, 0.0707880687503305, 0.09826493009526, 0.116057482273396, 0.131017149574715, 0.168003027428621, 0.0290341097034175, -0.0027149249564958, 0.0831803067909276, 0.199554173884484, 0.0356133297302303, -0.0249709591424976, 0.331722104077767, 0.0630433415078114, -0.227923532114761, -0.0254937902217573, 0.0109953373269144, -0.0999129278642786, -0.111292079433812, -0.104473052167458, 0.0945895785519173, 0.0339116222066056, -0.148102795031153, 0.0259856442970491, 0.0536715749955085, 0.0868632848713493, 0.196288895907949, 0.0369934068445831, -0.0084284675935454, -0.0750392574629946, 0.0428585657157444, 0.0846341181602728, 0.0724466490095794, -0.0395401529866426, -0.0865003357558063, -0.0421072152841009, -0.0839350810781248, -0.096178601995197, -0.0584804589393583, 0.00012479627555913, 0.0361692831122625, 0.0375716192253286, -0.0580873684476721, -0.0603778438223022, 0.0713609882348865, 0.0068144647672506, -0.0518829860164589, -0.0056301637551762, 0.0491977815362452, 0.0594556752602461, -0.0868954728564868, 0.000717342078567643, 0.18277504784716, 0.0316017443704365, -0.0457475599923372, 0.0412371426520753, 0.102945289620642, -0.0255731440291655, -0.0478833789017613, 0.0195278325717173, -0.0340015540259406, -0.0241311772301998, -0.0349427226095491, -0.0554969322853077, 0.0942718822890071, -0.1231539581504299, 0.00405573406294, 0.0479691539670574, -0.032338530707401, 0.028968570309612, 0.0176194132180702, -0.0847122715897291, 0.0475578555276379, -0.0054716331863238, 0.0724116838116019, 0.0056751270512648, 0.0333905813693875, -0.0185416600598817, -0.0205456437638971, -0.0396134385495615, 0.0933544994488915, 0.0370068527721288, 0.0490709695479771, -0.0210302957881944, 0.0445412330520956, -0.0796514301473885, -0.0396298795476375, -0.0481507956151535
34	0059-023	478	6109250	ἀρχή	ἀρχήν	A	I	1	c	to begin with, at first,	0.133308808757939, -0.31465268383713, -0.31465268383713, 0.175310400414662, -0.132426416927338, 0.0604367613846319, -0.0095734626765518, -0.0465342347814595, 0.0684729485088433, 0.157222348035503, 0.465804486057208, -0.381446068523498, -0.219752120730047, 0.0190372284117577, 0.176929234387707, 0.0892185286788916, 0.1902924232498949, 0.0918947045064148, 0.102398893816495, -0.0579549453817868, 0.123977454398429, 0.208660649259182, 0.0050450949368397, -0.0578304455503323, 0.324745100755226, 0.0199248233732112, -0.2934658966447679, 0.0191190649380274, 0.051053829108306, -0.193303945639302, -0.0979286800222537, -0.127222409243946, 0.172580091773543, 0.0429621982480316, -0.143694930559421, 0.0298532584912977, 0.0395819256564066, 0.0508833169485313, 0.201880061463169, 0.0833964484464266, 0.0747844024815587, -0.0659642179415239, 0.123228846643644, -0.0561270584201168, 0.0533045419899888, -0.104637069100477, -0.181450499271962, -0.0768785006846534, -0.122473830455642, -0.0922519848132917, 0.0692198745276881, -0.0107857468605842, 0.0797523979205632, -0.0194300715893311, -0.0601853566671028, -0.110440064132402, 0.137223302413472, -0.0143095638029304, -0.109063273649293, 0.0217722567934759, 0.100237639627817, 0.0323053977768314, -0.098697384227838, 0.0096171793830232, 0.212545733731263, 0.0469448682628939, -0.139630079697944, 0.0251118557944495, 0.0666452465527499, -0.0313071906347387, -0.0295166881779557, -0.0800103112297259, -0.0487194017743996, -0.0992100074302698, -0.0189225770134757, -0.0659186856087148, 0.142916950655793, -0.0982324759839696, -0.0492104705343082, 0.0140384586994005, -0.0405084020289338, 0.0695653964534394, -0.0632130646838998, -0.0348101656326936, 0.0429758224660876, 0.0029577740062903, 0.0678582321006238, -0.0980230675843342, 0.010851169743867, -0.0156837244199579, 0.000820427919819205, -0.0616510804275959, 0.173614491740316, 0.0637382226751521, 0.0321867018028671, -0.0147281842930396, 0.0943065911910676, -0.0696004001178522, 0.013084211801907, -0.110782426908356
35	0059-030	450	6211101	ἀρχή	ἀρχῆς	A	I	1	b	the beginning,	0.212155103202517, -0.586522368858105, -0.586522368858105, 0.346958116948093, 0.144061472894176, 0.0932376106617982, -0.030054411985849, -0.0379134190811263, 0.18432516165417, 0.174750343292844, 0.648670935771105, -0.573716271082028, -0.283211878195728, 0.115102369791515, 0.270795642497389, 0.0911654081123688, 0.225701591957405, -0.1890778827799439, 0.22435023697581, 0.0874269615292279, -0.026866757276127, 0.152037539677467, -0.165042550103151, -0.17330707052812, 0.183872552982177, 0.284892665799234, -0.333964872628897, 0.13660838764736, -0.195344049646747, -0.148447876746892, -0.14873664571675, -0.132902140868111, 0.1425378760072, 0.106511559003718, -0.0850531673958059, 0.0321227837133937, 0.0628626130533631, 0.0826190616371197, 0.0290732523111962, 0.0367197160413233, -0.0348432973377747, -0.018410934626092, 0.118969699302168, -0.144066783948218, 0.135127992388065, -0.0490415825038038, -0.190398584355682, -0.0567508576950238, -0.115818822241422, -0.183294961310829, -0.0049029082483096, -0.0404316215149353, 0.0631252017828615, -0.059417584177784, -0.0598951238782089, 0.0412311951484371, 0.221615034690908, 0.106470541482504, -0.189685353894237, 0.0570664798304255, 0.107758136707708, 0.0259793487685791, -0.0782872868613084, 0.153929050600621, 0.157497771767732, 0.0309505766214094, -0.175333640161504, 0.0771376863395381, -0.135491935671781, 0.0255413709128261, 0.0417841362933191, -0.150606203312542, -0.0370231491488884, -0.0989882406660281, 0.0100716418077005, 0.0358675530018934, 0.1226461832114179, -0.130621684745606, 0.0666313263980401, -0.0608611697896919, 0.0640912942250197, -0.0394921260989237, -0.057914964030981, 0.081416606553787, -0.011299480305933, 0.035071914183967, -0.0573404853099622, 0.0486129806716604, -0.0419990108156907, 0.0756839479606905, -0.0572170875253784, 0.0071462285547207, 0.0553302404925742, 0.0628982462227947, -0.0063771958650388, -0.0113846063405774, 0.0290062711121901, 0.0116784933362804, -0.0206514371027441, 0.0289867024390402
36	0059-031	36	6277678	ἀρχή	ἀρχὴν	A	I	1	a	beginning, origin,	0.6069034623892646, -0.6102351278986433, -0.6102351278986433, 0.3463437076252035, 0.2565690819046413, 0.0709296562779165, -0.4768437162688478, 0.0035350185451524, -0.0241254046215429, -0.0485997712144787, 0.3571609494891216, -0.2860321563071666, -0.1886764918767581, -0.0722119599642938, 0.224227487183369, 0.1468237300760239, 0.016026068598794, -0.092113417667636, -0.0331673292947765, 0.0723440826675675, -0.0355800137253641, 0.2442960590057573, -0.1526972089634491, 0.0359436374687235, -0.0305653744483798, 0.1735709316501874, 0.0486793277301911, -0.2131929082478103, -0.0788647074967491, -0.0889681446646068, -0.2094793589663214, -0.2234856536176304, -0.0494898653362064, 0.2389827546630928, -0.111460705413868, -0.241530839788175, -0.0150941108776577, 0.0041952995711408, -0.2865548045731399, 0.0103242629268801, 0.0632066679574285, 0.1124783663547221, 0.0213874721877733, 0.0189188435253653, 0.0842534782807284, -0.011329086828093, 0.0904140468059918, 0.0367152744547838, -0.0516462186606729, -0.12363027772857, -0.1032861607975563, 0.0568289168815556, -0.1405862201142701, -0.0849788818413433, 0.0870776641759645, -0.0073398962264377, 0.056840528495506, 0.1462151600284356, -0.123599052600885, -0.0638429831900851, -0.1646730109113913, -0.1909053743657482, 0.0217018681088331, 0.0657663755847654, 0.0105331592236095, -0.1165524703855863, 0.0359510475318958, 0.139333946141606, -0.1685310835068357, -0.0138436170784544, 0.2706203193811992, -0.1396278158755945, 0.1006388453756773, -0.001976105515245, 0.1122439259465572, 0.0930590439618212, -0.0836307041669023, -0.0064048243238411, 0.0429750438233453, -0.153355348175768, -0.0390087473401284, 0.0254154558631969, 0.0964073469916989, 0.0177754501828362, 0.0462621960279782, -0.0125359930367004, 0.0083010431329886, 0.0575578221240592, 0.1117374284794355, 0.007998444949233, 0.0762623735816848, 0.098194552860999, 0.009204654506291, 0.0473304462699468, 0.0043505411740861, -0.0607083554463883, -0.1217687839826914, -0.0672551792331754, -0.0765547697785201, 0.0549584005412418
37	0059-034	715	6338041	ἀρχή	ἀρχῆς	A	I	1	a	beginning, origin,	0.229164063627762, -0.49548954257262, -0.49548954257262, 0.11316589335356, -0.0696543790586749, -0.136360921509205, 0.0260320986433554, -0.119958262213015, 0.0869214738787719, 0.120548119802076, 0.106869853789362, -0.183904990332351, -0.125149759910247, 0.180533865129621, 0.0486258860225078, 0.213464110785266, 0.178377335981443, 0.0658063059155687, 0.122925187153905, -0.100168321020478, 0.107064099174898, 0.0616744517319787, -0.0268978447921488, -0.189751969323911, 0.251603764179944, -0.0784092536979493, -0.241110460512779, 0.0973214501753507, 0.0065047495341864, 0.021152555498113, -0.0451247314503868, -0.0329881402750202, -0.147013363807837, 0.002520232382418, -0.10465823593903, 0.11201240857318, 0.0826739412582058, 0.0030930872492107, 0.105227375761458, 0.0287352059606082, 0.0173590251523693, 0.0500893068195608, 0.0141227677001046, 0.134107836827349, 0.254139955998278, -0.129645941657299, -0.159788026830198, -0.0523063461402892, -0.0540968576159118, -0.0460967857438975, -0.129440940984618, -0.0978232857819432, -0.0135422333294615, -0.0112416288220309, -0.0447712818756082, -0.128178237660921, 0.116570245284259, 0.0420749475866894, 0.0176401597426281, -0.0533952310246005, 0.0467421240646354, 0.095070140415639, -0.0413188234199862, -0.0201668722032213, -0.0110113614892957, 0.0334095604565295, 0.0011621220950818, -0.029587443147356, -0.0306612109392309, 0.0016790693433191, -0.0888950328288698, 0.0550769280038663, -0.0539892801019177, -0.124203094423952, 0.0663594910313257, 0.004360608806686, 0.0566770734001797, 0.0245538665555353, -0.0958587700814724, 0.139443609292402, 0.0894572373251503, -0.0772904793835213, -0.0719465489786218, -0.0576883111150801, 0.0137035814560229, 0.0248461353815668, -0.0754039483878377, 0.0608263910895491, 0.0448936504702417, -0.0857896289170978, 0.0515604753825747, -0.0031835668498467, 0.0163428335066084, 0.107316471025297, 0.0071240972161237, -0.0554986778708233, 0.152524379014226, -0.129342899574602, -0.105816849885452, -0.0675730661094899
38	0059-034	797	6365326	ἀρχή	ἀρχὰς	A	I	1	b	the beginning,	0.7534799388686845, -0.5598914347928386, -0.5598914347928386, 0.5969648254604442, 0.1997745926905865, -0.0363849815041402, -0.3558871128896099, -0.1816433866003297, -0.2905997162475844, -0.0012562234917343, 0.2635991646135093, -0.1799109078327633, -0.1652789081422434, -0.0330023823284559, 0.3437033901993781, -0.1952515792198656, 0.0884963788547061, -0.3110753412470076, 0.161927823624657, 0.3415941066544317, 0.1819699447976621, -0.0299548899803889, -0.3393954450623372, 0.1687464972415451, -0.2147412740251074, 0.0685570294364686, -0.0661280638094589, -0.0617048815703151, -0.0643420422491298, -0.2004343744657243, 0.1529944862285161, -0.1372345396446323, 0.0452484458502488, 0.1418498327095639, -0.0050188855246595, -0.3549467107222112, -0.0124053324038847, -0.1653697438162855, -0.0723229997568784, 0.045876433273427, -0.010257090795774, 0.0582697404457516, 0.1321684304055609, 0.1319029157208221, -0.0641276097216866, -0.0961822157609084, 0.0969322959916999, 0.2161488332678311, -0.0046266970219778, -0.132055916828453, -0.0590456239264727, 0.2015222234896361, -0.1494313295176162, -0.0824099461664019, -0.0294324671421255, -0.1337406473246453, -0.0341306188785932, 0.1258485347597393, 0.0652046963297681, 0.0874827963986284, 0.0028775362720483, -0.0541568360369204, -0.0420133616001591, 0.0122747232906647, 0.1781153888214378, 0.0127063674575021, -0.0459022611133721, 0.2204550551767641, -0.173556918833916, -0.0134298927920681, 0.2259181687901029, -0.1377412438822456, 0.023497771652228, -0.1978062834628283, 0.0805690787673425, 0.1644098562305907, 0.0584156207287589, 0.023863429268472, -0.0310161604825682, -0.0194007255039666, 0.0653947962687244, -0.0006725917852365106, 0.0830965364156781, -0.111202442917658, 0.0130068192717591, 0.0709712788869862, -0.0291974125100403, -0.0164778247301025, -0.0687465985789461, 0.0564688383689348, -0.1297160520014269, 0.0479324003590425, -0.0747884263541405, -0.0653031089579058, -0.059374704613956, -0.0215919826250588, -0.0041857540079305, -0.105510250538276, -0.1125639892056668, -0.0375082049409666
39	0059-036	326	6437556	ἀρχή	ἀρχὴν	A	I	1	a	beginning, origin,	0.8717084517298697, -0.2317220417893109, -0.2317220417893109, 0.3545334584329658, -0.123426692872059, -0.1781663053503644, -0.3016759355241302, 0.146558493633864, -0.1732500645277872, -0.1692042645440853, 0.1874700582283907, -0.1421438705847284, 0.0751738984938563, 0.2242940780920838, 0.1430769200276981, 0.0233228373749885, -0.1789899560689528, -0.2265938446800388, -0.020209055830514, 0.2203212380078253, 0.0643321493003334, -0.114834920411316, -0.0555420153173735, -0.210175067379557, 0.0793273689442549, 0.1490394214727534, 0.1514230220852734, 0.1385496585141028, -0.0412456456943282, -0.0792705744047064, 0.0717324376059161, -0.0169921364259963, -0.1199710592285862, 0.1084512022431872, 0.1308024525175113, -0.1339659215494823, 0.0756450352686278, -0.2266056977454729, -0.2151438828508824, 0.1787606251911891, 0.0377818442031935, -0.0409317367435122, 0.0534802978589725, 0.2102316206479677, 0.0839001502296967, -0.0939601327033101, 0.2305788321819724, 0.184426215460744, 0.1514629504385699, 0.0234501591426597, -0.0321679526810638, 0.2659030859227779, -0.2512630289384764, -0.2125348960447407, -0.1404447096707416, -0.5212574035990466, 0.0251499788132856, 0.214039242614429, 0.0697940750612348, -0.1078819377006338, -0.0791439295646778, 0.004342649959455, 0.1363949168168553, 0.0229022674595545, 0.0178258741313164, -0.3535326335119195, 0.108462828484811, 0.0770730502592851, -0.3186147535991585, 0.2137497742204736, 0.3070486685212453, -0.0849582782378629, -0.1076103203050779, -0.137736934405364, 0.0315223735185331, -0.0587726104938479, -0.4628084785192499, -0.0365130444194653, 0.0970012703313209, -0.0276206303692351, -0.186086612586223, 0.0223134103464393, -0.1978386165847707, 0.0468339625800727, -0.0192839445844545, 0.0528596871289067, -0.0109487744299079, -0.0650016789273533, 0.2016265527916411, 0.2022551817810171, 0.309508430524075, 0.0017211028617335, 0.1131990697323557, 0.1259328732236312, -0.0188038541232828, -0.2287601371526955, -0.0761236384166222, -0.0562001168865526, -0.0560829397440211, 0.2263205724485661
40	0527-011	13.17	6549389	ἀρχή	ἀρχὴ	A	II	5	a	command,	0.298975162691569, -0.638811591898127, -0.638811591898127, 0.338094460091948, 0.191410467821318, -0.203924705515941, -0.0741616973259567, -0.253841367293808, 0.94675788241611, -0.584825076750942, -0.140315503427841, -0.256547272194264, -0.289675146061537, -0.390288444713305, -0.109035032545536, 0.271111197884375, 0.158976524845278, -0.4637051861481439, 0.40298358546754, -0.373731137473879, 0.332521169733402, -0.332294154194084, -0.293113907584964, 0.0593413263969056, -0.3347327849071561, -0.082467307226127, 0.151472561765116, 0.763634065281822, -0.59235474830712, -0.188790583203182, -0.0509061958367313, 0.151690562343403, 0.370981006304797, 0.437182813845541, -0.0231914972482784, 0.276247484706622, -0.0912742538869671, -0.471416997423314, 0.1597088663514489, -0.0464841224388625, 0.0694831519653475, 0.0848810845653359, 0.3234536583990159, 0.158090238324477, 0.0278436134827312, 0.262309284440705, 0.0951130293433999, -0.13846397020886, 0.0090283340051449, 0.115824046009792, 0.0012198298559157, 0.130218206345781, -0.0722220413945726, 0.0115503881875059, 0.168731624136402, 0.000892191129685398, 0.0261371261314274, -0.1218141060207269, 0.210574710879086, 0.0933230829431647, -0.322297640379873, -0.139992305129847, -0.0471357724157253, 0.000854740611506842, -0.201439239129485, -0.0520231229157221, 0.303660073761754, -0.102846543983589, -0.290590307169236, 0.0568367691295938, -0.0968580711879064, -0.158744457185808, 0.0915862150324071, -0.0218527231957212, -0.358927124575261, 0.280970100461612, -0.237894287134245, -0.110027289895964, -0.086338209554002, -0.178725250142613, 0.0198166041295644, -0.0194065626889834, 0.155672550629823, -0.132836065290129, -0.164135222342348, -0.0347070141047377, -0.0320638753981561, 0.14110377728196, -0.0989661529819965, -0.315899576789311, 0.0215076489148499, 0.0519770311842408, 0.0404154424362392, -0.0794875378643518, -0.167153233441969, 0.0590855470066865, -0.172577844349789, -0.0204377413525176, -0.0830792886574558, -0.0149746332023669
41	0032-015	2.10	7619460	ἀρχή	ἀρχῆς	A	II	1	a	first place	1.71398062231398, 0.556976469029198, 0.556976469029198, 1.23385735389809, 0.0763324641995088, -0.719595233484634, -0.0263647308059017, 0.107451942853021, 0.327746012457149, -0.253227992194653, 0.0209230749781889, 0.389418732217456, 0.269445059824871, -0.227533355222616, 0.0574025902836226, -0.556879636982575, -0.451440137897825, -0.3921653934275859, 0.309740727592247, 0.679380973678994, 0.292910449657887, 0.256910087471225, 0.0484397216746635, -0.033639433200055, -0.271497428676531, 0.301914249377961, -0.346302478732902, -0.0651261215654145, -0.0040810131363382, 0.0224462758160359, -0.0921622290182052, -0.0989464338155693, -0.113486335785084, 0.286924532486079, -0.155331895484812, 0.219138236400154, -0.147727400489097, -0.233338407251826, 0.046607172368637, -0.0389658541593636, 0.427163910957066, 0.108690253762918, -0.249895527000722, -0.0693942827813658, 0.071652915791515, 0.316662602612743, -0.0857378080587991, -0.0671883059207038, 0.0489910240235783, 0.367588183196559, -0.0681433990551104, 0.165635259835906, 0.329993632032597, 0.388423890433868, -0.0591257649513069, 0.267210671727502, -0.1966485374039759, -0.0731282443513468, -0.044378805885609, 0.0950766031061279, 0.120688478005338, -0.123399031090678, 0.238026066277892, -0.136707538306414, 0.104722917805899, -0.609433301196366, -0.220797200620667, 0.1018582838398199, 0.125240864943775, 0.263502043489984, 0.21265983733361, -0.108641555806617, -0.297800247684053, 0.1929979100661619, -0.0701432330569184, 0.178140255936524, -0.011639469398114, -0.155082986144109, 0.0294971503328929, 0.0423692972510672, 0.232089972249229, -0.170665030027436, 0.0295633797801828, -0.0564036680714771, -0.198920162883294, -0.0751641276078811, 0.162983483165612, 0.0522790935489255, 0.0091511759816046, -0.204614055624214, 0.0771855014926708, 0.70101097177958, -0.188470130983147, -0.421041562992443, -0.2200343723228859, -0.123697042921369, 0.281287463071697, 0.0349050792589949, 0.278067761756504, 0.142791258864382
42	0058-001	18.14	7647563	ἀρχή	ἀρχὴν	A	I	3	a	end, corner,	0.2040043514773445, -0.4405974306781343, -0.4405974306781343, 0.1420838833215472, 0.0950721926133127, -0.0783511436624729, -0.1060034518305751, 0.0973119240843546, -0.0422130350461329, -0.1036453194072486, 0.0188499856235802, 0.001502323894831, 0.041197739275911, 0.0734961407332705, 0.0776634370264631, 0.0250280426011176, -0.0602011867622114, -0.0934595845097168, 0.135250205539209, 0.0286615834492927, 0.0148657732948884, 0.0687085684071909, -0.0495135102515442, 0.0204523862523308, -0.0528125159722734, 0.0449125582904384, 0.1113977625944226, -0.0142658142172367, 0.0556917261696319, -0.1177378289773282, -0.1092290478275546, 0.0608127108144158, 0.0301121212457085, 0.1447977255895689, -0.0609316224371892, -0.1145573555011009, 0.034395929369384, 0.0007351623724085974, -0.0972448820847037, 0.0885702842795977, -0.0761230181435517, 0.1750399028900444, -0.0481327816792686, 0.0689881096478641, -0.0521262442320436, -0.0144171058519048, 0.1599458841264913, 0.1020972540914995, -0.0455197377779098, -0.0410571681917337, -0.030236678966926, 0.1468638640725366, -0.1309773837519709, -0.1346573175253406, -0.0742334230057409, 0.0022434558335114, -0.0121897403088633, -0.0243109028020272, -0.035218947273155, -0.1161673176381645, -0.0507224699436034, -0.0963985426675652, 0.0366043800077397, -0.0274374341051972, 0.0031302174524545, -0.1321984305106902, 0.0421062782116097, 0.055947613174924, -0.1330449399396178, -0.0478952734185194, 0.118749121547913, -0.0444913153917371, 0.0775482916521875, 0.0760336204009895, -0.080438992113421, 0.0538245258371998, -0.0068014923829194, 0.0327209231339178, 0.1021918609109935, 0.0189199493293353, -0.0054182611569565, -0.1473258914570041, 0.0283648670803171, -0.072682149365115, 0.0303582790703496, 0.0877111474766701, 0.0071012234307159, -0.0189368018458303, -0.013193948793496, -0.0176970861881276, -0.1028735329774214, -0.0740059763814908, -0.0457503333765645, 0.0023554169036834, -0.0055421125124649, -0.0223286336811939, -0.0267553987872125, -0.0311508092710336, 0.0653776581289135, 0.065537670945801
43	0032-014	12.6	9200374	ἀρχή	ἀρχῆς	A	I	1	b	the beginning,	0.4583543770594312, -0.2488190284236001, -0.2488190284236001, 0.4205349414940931, -0.0281564332759331, 0.0493576103756146, -0.0032381944876435, 0.045081287304983, 0.0601771552158798, 0.4345550336282227, 0.3851713256029399, -0.4735291103980407, -0.2726777935076764, 0.0423437434089625, 0.1217251317902057, 0.0129100825061717, 0.0694823668595469, 0.17569957547137, 0.1268634701066908, 0.0417091959908321, -0.0758309604207473, 0.2329500464702789, 0.0389573382485778, -0.0492215790032003, 0.3399968490936623, 0.1576553384785439, -0.2392575540209464, -0.0460700174579414, -0.0366768800058646, -0.1582383786714775, -0.0481709349641786, -0.2031998597324703, 0.1631120627276814, -0.0024901549019413, -0.0984429423329808, -0.0136657419436886, 0.0959264573843873, 0.0324800357546815, 0.0480752254041206, 0.1121658219710563, -0.0504056136697248, -0.0154002464354575, 0.1153234971198842, 0.0498661851849746, 0.1294973073260777, 0.0189144584423943, -0.2350713801705035, -0.0758305450869195, -0.0526225858387676, -0.0939492952079027, 0.0532476178838553, -0.0480924873868321, 0.1039397649129297, -0.0257836253994068, -0.1491906900026674, -0.0781355511266077, 0.1754556431808827, 0.022603495639882, -0.0848504151370317, -0.078630268269547, 0.0392855978373346, -0.0095230475578293, -0.029251441178387, -0.0898165215013369, 0.1656196253314207, -0.0094508725818181, -0.0515600134147429, 0.0553779298851879, 0.0056136971943802, -0.0534170910076938, 0.0123756075926517, 0.0121159871368955, -0.1413919905136246, -0.1171806429504798, -0.0256067125739024, -0.026229488672366, 0.1206935424369664, -0.0329374336196908, -0.0160428061623826, 0.0228907764986306, -0.0551795224519685, 0.1298500942066144, -0.0049175082902704, -0.0103633162230626, 0.0918664656336343, -0.0338889967712189, 0.0742787948616786, 0.0489767953544503, 0.0345207503385091, 0.0491074402755914, -0.0678658086270997, -0.0280951138839427, 0.0590787850025994, 0.0198196480834026, -0.0364032460565822, 0.0331247512182577, 0.0206237941570849, -0.0254928707782413, -0.0313065530160446, -0.0639583544626947
44	0020-001	1.423-1.427	15879264	ἀρχή	ἀρχῆς	A	I	1	b	the beginning,	0.5301536883145499, -0.6766158728882514, -0.6766158728882514, 0.6232315566998333, 0.2898810689781402, -0.002456292305612, -0.4866273813237285, 0.1741230141848124, 0.2544271186261972, -0.0659665173931601, 0.4958313339681698, -0.4119440616039307, -0.0159398675733316, -0.1282396136802246, 0.2349877375595763, 0.0150873922292314, 0.0562948162188035, -0.1040065829527161, 0.177513047120485, 0.2784878407950613, -0.0131832247929823, 0.2006922937901667, -0.180856496204542, 0.0378259432979767, 0.060609040407892, 0.2682782704940809, 0.1579852382301763, -0.0124294401286092, -0.1087920222450875, -0.0933232292516281, -0.1605356800214387, -0.0786204802206391, 0.0377739674355035, 0.1563756203140454, 0.0476248466070632, -0.2466382153176446, 0.0193319412629393, 0.0698921780713124, -0.1949858787338119, -0.0395451283418689, -0.0505461571041115, 0.0998056013346715, 0.0420790050904141, 0.1306844502424236, 0.1377239767070767, -0.0097077990854641, 0.1426482261047631, 0.0757318167046055, 0.0634866799949493, 0.0490221592645696, -0.0597540345828589, 0.1670108681319103, -0.0977657469489494, -0.167571724854382, 0.0052581063454569, -0.0017387898215737, 0.0616106796563436, 0.0014238775705827, 0.1185359630344758, -0.1313948424045251, -0.0977653418394621, -0.2193290437643975, -0.0227174591224251, 0.0277352609432458, -0.1315578916659015, -0.0452634209291028, 0.1505817809315324, -0.0011531711834439, -0.2674229877832267, -0.0749559783888622, 0.1597798408213997, -0.1391757704964245, 0.1499464832569029, 0.0992518510732846, -0.041213999643052, 0.1188969011540404, -0.0316402505535323, -0.0130766009377481, 0.0434331487294151, -0.0733807719702726, -0.0661728634345735, -0.1109542879313396, 0.1112256199811808, -0.0939552983528345, -0.046701448664343, 0.1603820904255447, -0.0328583968806337, 0.1459821938001385, -0.0850051924968437, -0.0844133323526742, -0.0453381869816714, -0.0340986820651367, 0.0487546846766666, 0.0756798224122795, -0.0646129093925182, -0.0643796058044808, -0.0393749437358856, -0.0503332374890582, 0.0063014477291995, 0.1177263887662184
